Album ID,Artist ID
0,0
1,1
2,1038
3,2
4,3
5,856
6,4
7,5
8,6
9,7
10,8
11,9
12,10
13,11
14,12
15,1689
15,448
15,2811
16,13
17,14
18,15
19,16
20,17
21,18
22,19
23,-1
24,20
25,21
26,22
27,23
28,14
29,24
30,25
31,26
32,149
33,27
34,28
35,29
36,19
37,30
38,31
39,32
40,33
41,34
42,35
43,-1
44,37
45,38
46,39
47,40
48,41
49,42
50,1122
51,43
52,44
53,45
54,1156
55,46
56,47
57,48
58,49
59,50
60,2814
60,2815
60,958
61,51
62,52
63,1163
64,53
65,54
66,55
67,56
68,57
69,58
70,2716
71,59
72,60
73,2818
74,61
75,1292
76,62
77,63
78,64
79,65
80,66
81,67
82,16
83,68
84,69
85,70
86,474
87,71
88,1009
88,852
88,2819
89,72
90,73
91,1689
92,-1
93,-1
94,75
95,76
96,77
97,78
98,79
99,80
100,81
101,-1
102,-1
103,29
104,83
105,84
106,85
107,86
108,87
109,88
110,2822
111,89
112,90
113,91
114,92
115,93
116,94
117,95
118,96
119,59
120,97
121,98
122,1271
122,2824
123,99
124,100
125,2825
125,1003
126,95
127,2826
128,101
129,102
130,103
131,104
132,105
133,679
134,106
135,217
136,107
137,464
138,30
139,1540
140,108
141,109
142,-1
143,5
144,-1
145,110
146,112
147,31
148,113
149,625
149,2814
150,2831
151,-1
152,115
153,116
154,117
155,1163
156,118
157,2834
157,1809
158,119
159,120
160,119
161,121
162,122
163,21
164,123
165,124
166,125
167,126
168,127
169,128
170,129
171,51
172,130
173,131
174,178
174,408
175,132
176,2835
177,133
178,134
179,-1
180,136
181,121
182,137
183,300
183,762
184,104
185,138
186,100
187,139
188,140
189,104
189,1148
190,141
191,142
192,143
193,1387
194,115
195,144
196,145
197,2838
198,146
199,144
200,147
201,148
202,149
203,150
204,151
205,42
206,51
206,33
207,152
208,416
209,153
210,154
211,-1
212,155
213,156
214,157
215,158
216,159
217,160
218,161
219,2814
219,776
220,162
221,-1
222,164
223,284
224,33
225,165
226,166
227,33
228,167
229,168
230,2840
231,169
232,170
233,171
234,172
235,173
236,174
237,175
238,176
239,-1
240,178
241,179
242,180
243,181
244,182
245,2842
245,2843
246,183
247,184
248,185
249,186
250,2814
250,2844
251,187
252,188
253,113
254,189
255,190
256,1039
257,191
258,192
259,193
260,2846
261,244
262,194
263,2849
264,144
265,195
266,196
267,197
268,198
269,199
270,200
271,199
272,201
273,202
274,203
275,977
275,97
276,204
277,205
278,206
279,715
280,140
281,207
282,149
283,208
284,178
285,209
286,210
287,211
288,212
289,752
290,-1
291,214
292,215
293,216
294,217
295,218
296,2854
297,219
298,220
299,221
300,-1
301,2855
302,223
303,224
304,225
305,226
306,227
307,2857
308,1078
309,189
310,229
311,151
312,230
313,231
314,232
315,233
316,234
317,2505
318,117
319,235
320,187
321,126
322,236
323,166
324,237
325,2061
326,238
327,239
328,240
329,115
330,241
331,242
332,243
333,33
334,244
335,-1
336,2861
337,-1
338,247
339,-1
340,249
341,149
342,140
343,250
344,251
345,252
346,253
347,254
348,2863
349,255
350,256
351,257
352,194
353,258
354,259
355,260
356,113
357,-1
358,262
359,104
360,263
361,264
362,46
363,265
364,125
365,266
366,267
367,268
368,269
369,-1
370,271
371,272
372,273
373,175
374,274
375,275
376,276
377,2846
378,277
379,278
380,279
381,280
382,281
383,5
384,282
385,283
386,284
387,285
388,286
389,287
389,3222
390,288
391,289
392,290
393,291
394,292
395,182
396,274
397,293
398,294
399,274
400,295
401,2866
401,2389
401,2867
402,296
403,1093
404,297
405,298
406,92
407,2866
407,2389
407,2867
408,299
409,300
410,301
411,247
412,302
413,303
414,222
415,-1
416,305
417,306
418,-1
419,308
420,309
421,2868
421,2869
421,2811
422,90
423,180
423,1185
423,2870
424,310
425,311
426,-1
427,312
428,313
429,1099
430,168
431,314
432,315
433,316
434,317
435,318
436,2871
437,319
438,320
439,321
440,322
441,738
442,323
443,324
444,325
445,326
446,327
447,272
448,328
449,2854
449,2874
450,253
451,852
452,1203
453,329
454,330
455,331
456,332
457,84
458,333
459,2854
459,2876
459,2877
460,334
461,335
462,336
463,646
464,337
465,338
466,210
467,339
468,175
469,52
470,340
471,341
472,342
473,343
474,344
475,345
476,2878
476,2879
477,346
478,347
479,1148
480,348
481,-1
482,349
483,345
484,350
485,113
485,368
485,835
486,351
487,352
488,353
489,178
490,192
491,354
492,355
493,120
494,356
495,357
496,358
497,359
498,360
499,361
500,1728
501,2855
501,4
502,2852
503,362
504,363
505,364
506,23
507,365
508,366
509,367
510,1483
511,2884
511,2885
512,368
513,369
514,370
515,371
516,370
517,372
518,373
519,374
520,375
521,376
522,2886
523,0
524,2814
524,251
525,185
526,2109
527,377
528,-1
529,2888
530,32
531,379
532,2852
532,2890
532,2891
533,239
534,380
535,381
536,175
537,584
538,333
539,382
540,383
541,384
542,140
543,385
544,386
545,175
546,2415
547,157
548,387
549,388
550,389
551,2893
552,390
553,391
554,2895
554,2896
555,392
556,393
557,394
558,395
559,396
560,235
561,375
562,397
563,398
564,399
565,400
566,401
567,-1
568,404
569,100
570,405
571,54
572,406
573,407
574,408
575,409
576,376
577,410
578,63
578,646
579,715
580,411
581,1253
582,412
583,413
584,414
585,415
586,417
587,418
588,852
588,2490
589,419
590,149
591,420
592,421
593,346
594,2897
594,2898
595,422
596,149
597,182
598,423
599,-1
600,425
601,138
602,410
603,237
604,388
605,426
606,2899
606,2900
607,26
608,427
609,333
610,368
611,428
612,299
613,429
614,430
615,2901
615,1637
615,306
616,431
617,432
618,433
619,434
620,179
621,435
622,32
623,436
624,92
625,437
626,438
627,439
628,115
629,-1
630,441
631,805
631,2852
632,442
633,45
634,2433
634,2903
635,443
636,2904
636,2905
637,444
638,445
639,922
640,446
641,2907
641,2470
642,447
643,-1
644,449
645,450
646,451
647,452
648,453
649,297
650,454
651,-1
652,606
653,455
654,100
655,456
656,457
657,458
658,459
659,852
659,1087
660,425
661,178
662,460
663,408
663,2909
664,461
665,462
666,-1
667,2852
668,2910
668,1601
669,2852
670,2208
671,178
672,464
673,465
674,460
675,301
676,466
677,467
678,468
679,2912
679,2913
680,73
681,2899
682,469
683,295
684,470
685,471
686,854
687,472
688,382
689,473
690,2903
690,2916
691,474
692,475
693,476
694,477
695,478
696,479
697,2917
697,2918
698,480
699,481
700,1483
700,2919
701,2920
702,390
703,126
704,482
705,483
706,-1
706,484
707,376
708,646
709,485
710,239
711,486
712,487
713,29
714,61
715,306
716,488
717,-1
718,490
719,217
720,491
721,492
722,493
723,73
724,494
725,495
726,479
727,2924
728,496
729,497
730,498
731,499
732,630
733,500
734,501
735,502
736,54
737,503
738,72
739,504
740,505
741,506
742,507
743,508
744,1930
744,149
745,1084
745,509
746,443
746,1611
747,304
748,-1
749,511
750,125
751,512
752,242
753,513
754,2925
754,2926
755,835
755,1046
756,199
757,514
758,515
759,516
760,517
761,313
762,137
762,295
763,518
764,100
765,519
766,520
767,521
768,501
769,522
770,523
771,524
772,146
773,525
774,-1
775,527
776,528
777,499
778,1613
779,529
780,530
781,531
782,1
783,102
784,532
785,533
786,196
787,534
788,535
789,536
790,537
791,113
792,538
793,306
794,539
795,540
796,2928
796,2929
797,837
798,542
799,-1
800,544
801,545
802,546
803,244
804,547
805,272
806,548
807,549
808,550
809,54
810,551
811,2903
812,552
813,553
814,554
815,586
816,555
817,556
818,557
819,2670
820,558
821,559
822,2866
822,2389
822,2867
823,560
824,561
825,115
826,325
827,562
828,563
829,564
830,565
831,566
832,567
833,568
834,569
835,570
836,571
837,572
838,175
839,573
840,575
841,563
842,576
843,1
844,577
845,578
846,579
847,580
848,581
849,100
850,29
851,61
852,582
853,583
854,2934
855,1368
855,2935
856,584
857,401
858,252
859,585
860,182
861,2903
862,1915
863,586
864,587
865,126
866,339
867,588
868,159
869,589
870,-1
871,144
872,465
872,1725
873,-1
874,149
875,590
876,591
877,592
878,198
879,79
880,2852
881,2877
881,2815
882,244
883,593
884,2938
885,20
886,958
887,594
888,585
889,29
890,574
891,595
892,465
893,113
894,596
895,597
896,1587
897,598
898,2939
899,599
900,13
901,600
902,601
903,602
904,293
905,126
906,943
906,413
907,905
908,111
909,603
910,2909
911,604
912,605
913,606
914,607
915,608
916,218
917,609
918,610
919,611
920,439
921,2944
921,2945
922,2946
922,2433
922,2947
923,274
924,333
925,612
926,581
926,2928
927,-1
928,614
929,533
929,2949
930,615
931,485
932,2436
933,549
934,616
935,555
936,617
937,-1
938,2481
938,762
939,618
940,-1
941,333
942,75
943,620
944,621
945,2427
945,679
946,622
947,623
948,2952
949,156
950,2904
950,2953
950,2905
951,586
952,124
953,605
954,624
955,2644
956,625
957,626
958,536
959,627
960,628
961,922
962,42
963,629
964,2956
964,2957
964,2958
965,630
966,631
967,632
968,633
969,634
970,635
971,178
971,244
971,737
972,636
973,637
974,638
975,616
976,639
977,21
978,563
979,640
980,2531
981,525
982,33
983,641
984,320
985,2959
986,642
987,2961
988,643
989,466
990,334
991,382
992,2277
992,1983
992,3200
993,644
994,645
995,646
996,647
997,648
998,346
999,649
1000,650
1001,651
1002,652
1003,653
1004,32
1005,210
1006,516
1007,527
1008,654
1009,655
1010,-1
1011,657
1012,658
1013,659
1014,102
1015,2852
1015,2953
1015,127
1016,425
1017,483
1018,113
1019,660
1020,2262
1021,242
1022,346
1023,661
1024,2964
1025,662
1026,663
1027,415
1028,126
1029,664
1030,665
1031,194
1032,666
1033,333
1034,616
1035,667
1036,668
1037,8
1038,54
1039,669
1040,76
1041,310
1042,670
1043,569
1044,595
1045,351
1046,671
1047,672
1048,673
1049,55
1050,469
1051,49
1052,674
1053,61
1054,675
1055,676
1056,2784
1057,677
1058,678
1059,179
1060,304
1061,679
1062,-1
1063,681
1064,682
1065,683
1066,357
1067,646
1068,684
1069,2967
1069,2968
1069,2969
1070,685
1071,686
1072,687
1073,126
1074,199
1075,460
1076,626
1077,195
1078,5
1079,737
1080,-1
1081,444
1082,1337
1083,554
1084,689
1085,609
1086,690
1087,691
1088,692
1089,693
1090,694
1091,34
1092,-1
1093,696
1094,115
1094,292
1095,287
1096,652
1097,237
1098,697
1099,-1
1100,699
1101,104
1102,700
1103,701
1104,702
1105,300
1106,703
1107,704
1108,705
1109,140
1110,706
1111,689
1112,707
1112,
1113,230
1114,207
1115,92
1116,2972
1117,2974
1117,2975
1117,2976
1118,708
1119,2977
1119,2978
1120,493
1121,709
1122,710
1123,2502
1124,711
1125,712
1126,33
1127,713
1128,443
1129,102
1130,714
1131,715
1132,716
1133,717
1134,468
1135,718
1136,1398
1137,719
1138,552
1139,720
1140,721
1141,2061
1141,2982
1142,722
1143,723
1144,61
1145,40
1146,724
1147,1827
1147,2831
1148,536
1149,725
1150,465
1150,2983
1150,2984
1151,726
1152,727
1153,600
1154,821
1155,1462
1155,2490
1156,728
1157,729
1158,95
1159,730
1160,581
1161,731
1162,732
1163,733
1164,29
1165,734
1166,735
1167,520
1168,126
1169,187
1170,117
1171,-1
1172,549
1173,-1
1174,737
1175,738
1176,739
1177,646
1178,740
1179,2987
1180,741
1181,1093
1181,814
1182,683
1183,42
1184,348
1185,742
1186,306
1187,633
1188,-1
1189,2988
1190,1784
1191,743
1192,2992
1193,479
1194,477
1195,744
1196,745
1197,746
1198,-1
1199,747
1200,-1
1201,749
1202,750
1203,751
1204,-1
1205,27
1206,648
1207,752
1208,1093
1209,235
1210,753
1211,754
1212,755
1213,2756
1214,49
1215,756
1216,119
1217,757
1218,735
1219,758
1220,-1
1221,410
1222,760
1223,27
1224,761
1225,762
1226,550
1227,104
1228,679
1229,254
1230,61
1231,763
1232,726
1233,21
1234,764
1235,100
1236,765
1236,
1237,563
1238,766
1239,767
1240,679
1241,768
1242,100
1243,2852
1244,769
1245,770
1246,771
1247,846
1248,772
1249,773
1250,616
1251,774
1252,425
1253,775
1254,776
1255,61
1256,-1
1257,-1
1258,115
1259,778
1260,779
1261,780
1262,178
1263,363
1264,715
1265,782
1266,-1
1267,784
1268,785
1269,786
1270,787
1271,357
1272,788
1273,789
1274,790
1275,791
1276,792
1277,673
1278,54
1279,793
1280,425
1281,794
1282,856
1282,29
1283,408
1284,795
1285,796
1286,109
1287,797
1288,798
1289,799
1290,800
1291,278
1292,37
1293,-1
1294,801
1295,104
1296,802
1297,490
1298,803
1299,501
1300,26
1301,804
1302,805
1303,806
1304,161
1305,408
1306,389
1307,-1
1308,737
1309,566
1310,807
1311,253
1312,808
1313,809
1314,810
1315,2959
1315,2861
1315,2999
1316,210
1317,196
1318,189
1319,-1
1320,812
1321,813
1322,814
1323,815
1324,413
1325,95
1326,-1
1327,817
1328,389
1329,818
1330,819
1331,820
1332,821
1333,175
1334,154
1335,822
1336,823
1337,519
1338,824
1339,643
1340,825
1341,364
1342,1377
1343,187
1344,826
1345,827
1346,-1
1347,3002
1347,3003
1348,829
1349,830
1350,2924
1351,831
1352,61
1353,832
1354,833
1355,525
1356,3005
1357,834
1358,597
1359,835
1360,836
1361,128
1362,837
1363,838
1364,839
1365,636
1366,1775
1367,1261
1368,149
1368,300
1369,722
1370,195
1371,840
1372,339
1373,504
1374,504
1375,841
1376,728
1377,842
1378,843
1379,14
1380,844
1381,50
1382,313
1383,219
1384,845
1385,496
1386,235
1387,846
1388,847
1389,848
1390,849
1391,804
1392,850
1393,2903
1394,851
1395,386
1396,728
1397,311
1398,512
1399,852
1400,853
1401,731
1402,854
1403,435
1404,93
1405,855
1406,185
1407,856
1408,857
1409,858
1410,859
1411,743
1411,1148
1412,860
1413,468
1414,191
1415,861
1416,862
1417,863
1418,864
1419,865
1420,792
1421,161
1422,866
1423,867
1424,868
1425,869
1426,731
1427,870
1428,871
1429,872
1430,608
1431,235
1432,873
1433,874
1434,-1
1435,711
1436,29
1437,875
1438,803
1439,144
1440,876
1441,376
1442,877
1443,660
1444,722
1445,805
1445,3010
1445,236
1446,878
1447,61
1448,880
1449,881
1450,120
1451,882
1452,883
1453,884
1454,126
1455,252
1456,3012
1457,885
1458,1954
1459,73
1460,368
1461,886
1462,723
1463,873
1464,368
1465,3015
1465,3016
1466,887
1467,888
1468,889
1469,101
1470,263
1471,890
1472,27
1473,891
1474,892
1475,893
1476,124
1477,388
1478,3017
1479,438
1480,530
1481,501
1482,-1
1483,1291
1484,894
1485,895
1486,896
1487,376
1488,897
1489,898
1490,677
1491,899
1492,900
1493,901
1494,348
1495,1029
1495,7
1496,802
1497,902
1498,903
1499,904
1500,905
1501,906
1502,908
1503,249
1504,142
1505,909
1506,1337
1506,2271
1507,552
1508,910
1509,138
1510,1012
1511,911
1512,912
1513,913
1514,914
1515,915
1516,916
1517,643
1518,917
1519,814
1520,2825
1520,2371
1520,2883
1521,469
1522,-1
1523,-1
1524,2825
1524,1524
1525,597
1526,920
1527,7
1528,921
1529,31
1530,72
1531,922
1532,752
1532,1444
1533,417
1534,923
1535,924
1536,925
1537,719
1538,802
1539,2831
1540,538
1541,926
1542,1767
1543,636
1544,2863
1545,927
1546,443
1547,137
1548,3022
1548,2409
1549,61
1550,217
1551,928
1552,929
1553,930
1554,931
1555,805
1556,348
1557,932
1558,933
1559,934
1559,
1560,695
1561,425
1562,276
1563,-1
1564,821
1565,1
1566,936
1567,937
1568,879
1569,581
1570,938
1571,669
1572,802
1573,474
1574,-1
1575,409
1576,684
1577,940
1578,941
1579,942
1580,219
1581,161
1582,814
1583,943
1584,944
1585,945
1586,318
1587,809
1588,197
1589,946
1590,947
1591,948
1592,896
1593,294
1593,1539
1594,949
1595,950
1596,951
1597,192
1598,317
1599,952
1600,62
1601,953
1602,545
1603,587
1604,1819
1605,552
1606,175
1607,954
1608,438
1609,955
1610,956
1611,917
1612,957
1613,958
1614,959
1615,960
1616,961
1617,520
1618,962
1619,294
1620,963
1621,926
1622,244
1623,-1
1624,479
1625,964
1626,520
1627,965
1628,630
1629,966
1630,967
1631,968
1632,969
1633,970
1634,217
1635,971
1636,972
1637,973
1638,185
1639,821
1640,559
1641,974
1642,178
1643,738
1644,975
1645,3027
1645,2861
1645,2999
1646,976
1647,977
1648,978
1649,2866
1649,2389
1649,2867
1650,-1
1651,980
1652,251
1652,3028
1652,3029
1653,3030
1654,413
1655,172
1656,821
1656,251
1657,981
1658,982
1659,854
1660,983
1661,984
1662,985
1663,986
1664,987
1665,395
1666,333
1667,185
1668,988
1669,650
1670,185
1671,989
1672,990
1673,991
1674,992
1675,993
1676,994
1677,1751
1678,995
1679,996
1680,997
1681,306
1682,998
1683,862
1684,588
1685,999
1686,592
1687,1000
1688,1001
1689,1725
1689,2358
1690,194
1691,1002
1692,269
1693,668
1694,192
1695,2854
1695,606
1696,1003
1697,1004
1698,1005
1699,1006
1699,
1700,591
1701,1007
1702,1008
1703,1009
1704,1010
1705,-1
1706,1012
1707,1013
1708,95
1709,253
1710,-1
1711,385
1712,484
1713,1014
1714,695
1715,750
1716,605
1717,1015
1718,1016
1719,1017
1720,792
1721,149
1722,1018
1723,1019
1724,1020
1725,1021
1726,1022
1727,1590
1728,399
1729,788
1730,487
1731,435
1732,849
1733,1023
1734,-1
1735,1025
1736,7
1737,1026
1738,552
1739,3038
1740,368
1741,117
1742,1027
1743,1028
1744,1029
1745,1030
1746,805
1747,217
1748,1031
1749,1032
1750,694
1751,1093
1752,-1
1753,1033
1754,596
1755,1034
1756,1035
1757,269
1758,113
1759,1036
1760,1271
1761,586
1762,479
1763,-1
1764,100
1765,2855
1765,803
1766,1038
1767,3043
1768,1040
1769,2109
1769,3045
1770,-1
1771,1042
1772,62
1773,1524
1774,-1
1775,2993
1776,1043
1777,1044
1778,1045
1779,205
1780,1043
1781,313
1782,835
1783,1047
1784,1048
1785,1049
1786,1050
1787,1051
1788,1052
1789,2505
1790,301
1791,1053
1792,499
1793,780
1794,2852
1795,1054
1796,327
1797,178
1798,606
1799,339
1800,1813
1801,1055
1802,1056
1803,375
1804,2852
1804,137
1804,2590
1805,910
1806,1057
1807,1058
1808,1059
1809,630
1810,2436
1811,993
1812,381
1813,219
1814,1060
1815,1061
1816,1062
1817,1063
1818,1064
1819,199
1820,172
1821,2909
1822,1012
1823,334
1824,1065
1825,20
1826,-1
1827,-1
1828,2497
1829,160
1830,570
1831,1068
1832,1063
1833,376
1834,416
1835,392
1836,34
1837,1069
1838,269
1839,1070
1840,718
1841,1071
1842,1072
1843,3048
1844,716
1845,274
1846,274
1847,1073
1848,524
1849,-1
1850,1075
1851,484
1852,1076
1853,450
1854,3049
1855,1077
1856,29
1856,3050
1856,695
1857,576
1858,958
1859,1019
1860,1079
1861,-1
1862,-1
1863,576
1864,1081
1865,1082
1866,1083
1867,3054
1868,1084
1869,1085
1870,1086
1871,1368
1872,672
1873,1087
1874,805
1875,1612
1876,1088
1877,1089
1878,719
1879,62
1880,3057
1880,3058
1881,1090
1882,1091
1883,1092
1884,1093
1885,957
1886,469
1887,530
1888,1062
1889,1094
1890,2852
1891,1095
1892,-1
1893,1096
1894,1097
1895,115
1895,2321
1896,692
1897,275
1898,1098
1899,265
1900,1099
1900,1147
1901,113
1902,3059
1903,-1
1904,1101
1905,235
1906,725
1907,1102
1908,16
1909,1103
1910,1104
1911,196
1912,643
1913,178
1914,27
1915,758
1916,291
1917,-1
1918,716
1919,679
1920,1027
1921,1106
1922,1107
1923,1108
1924,1109
1925,570
1926,1110
1927,878
1928,1111
1929,247
1930,1112
1931,113
1932,1113
1933,1114
1934,632
1935,1115
1936,548
1937,1116
1938,1098
1939,239
1940,1117
1941,289
1942,581
1943,1118
1944,2825
1944,2371
1944,2883
1945,1119
1946,1120
1947,1121
1948,3061
1949,1052
1950,4
1951,737
1952,2375
1953,115
1954,1063
1955,646
1956,637
1957,1122
1958,1123
1959,2753
1959,3064
1960,62
1961,1125
1962,2855
1962,1261
1963,1126
1964,994
1965,835
1965,3065
1966,115
1966,501
1967,1127
1968,29
1968,104
1969,1128
1970,1129
1971,347
1972,646
1973,1130
1974,687
1975,1131
1976,119
1977,820
1978,-1
1979,32
1980,3066
1980,3067
1981,99
1982,849
1983,-1
1984,-1
1985,3068
1985,3069
1986,503
1987,1030
1988,-1
1989,1134
1990,104
1991,410
1992,608
1993,1135
1994,696
1995,2902
1996,3070
1997,519
1998,1082
1999,2987
2000,1136
2001,1137
2002,-1
2003,61
2004,3072
2005,576
2006,-1
2007,1140
2008,33
2009,1141
2010,695
2011,1142
2012,-1
2013,470
2014,1144
2015,483
2016,595
2017,1145
2018,1146
2019,3074
2020,1147
2021,239
2022,254
2023,616
2024,117
2025,702
2026,1337
2026,776
2027,646
2028,1148
2029,1149
2030,-1
2031,1151
2032,1152
2033,411
2034,73
2035,1153
2036,1154
2037,1155
2038,1156
2039,-1
2040,1157
2041,2852
2042,1125
2043,550
2044,1158
2045,269
2046,1159
2047,1160
2048,2855
2048,581
2048,3078
2049,1161
2050,3079
2051,985
2051,598
2052,839
2053,192
2054,1162
2055,3080
2055,3081
2056,1163
2057,1164
2058,410
2059,1165
2060,-1
2061,679
2062,835
2063,1167
2064,115
2065,317
2066,594
2067,507
2068,1168
2069,66
2070,1169
2071,1170
2072,1171
2073,1172
2074,1173
2075,1174
2076,144
2077,3083
2078,1175
2079,1176
2080,1177
2081,1178
2082,927
2083,1179
2084,269
2085,1180
2086,2855
2086,306
2087,1796
2088,1181
2089,1134
2090,548
2091,1182
2092,1183
2093,1184
2094,1185
2095,2726
2096,51
2097,806
2098,572
2099,1758
2100,-1
2101,803
2102,1187
2103,1188
2104,198
2105,1189
2106,244
2107,1151
2108,485
2109,1190
2110,1191
2111,209
2112,1192
2113,33
2114,264
2115,1193
2116,1194
2117,2099
2117,1156
2118,928
2119,465
2119,2852
2120,2852
2120,805
2121,545
2122,1195
2123,563
2124,156
2125,1196
2126,254
2127,253
2128,849
2129,1197
2130,357
2131,1198
2132,178
2133,256
2134,3088
2135,144
2136,1200
2137,545
2138,92
2139,1201
2140,1202
2141,-1
2142,925
2143,1205
2144,165
2145,1206
2146,355
2147,-1
2148,209
2148,1121
2149,1208
2150,100
2151,1209
2152,75
2153,895
2154,1210
2155,178
2156,952
2157,3090
2158,1211
2159,933
2160,1212
2161,1213
2162,3091
2162,3092
2163,117
2164,3093
2165,1214
2166,144
2167,1215
2168,2866
2168,2389
2168,2867
2169,-1
2170,33
2170,3095
2171,54
2172,-1
2173,1217
2174,781
2175,479
2176,1117
2177,219
2178,128
2179,1218
2180,837
2181,71
2182,1219
2183,623
2184,1220
2185,1221
2186,1222
2187,-1
2188,1224
2189,1225
2190,1226
2191,1227
2192,1195
2193,1228
2194,73
2195,298
2196,175
2197,166
2198,529
2199,372
2200,102
2201,1229
2202,1230
2203,1231
2204,-1
2205,3097
2206,2924
2206,92
2207,1233
2208,1234
2209,1235
2210,1540
2211,604
2212,527
2213,1236
2214,102
2215,-1
2216,1238
2217,996
2218,761
2219,1239
2220,947
2221,3099
2222,1240
2223,1241
2224,313
2225,14
2226,1242
2227,175
2228,223
2229,1243
2230,1244
2231,460
2232,988
2233,1245
2234,1246
2235,1247
2236,1248
2237,30
2238,1249
2239,1250
2240,-1
2241,217
2242,33
2243,703
2244,1251
2245,1029
2245,7
2246,-1
2247,977
2248,1252
2249,102
2250,3103
2251,42
2252,1088
2253,1254
2254,178
2255,1255
2256,1256
2257,1570
2258,540
2259,576
2260,29
2261,3109
2262,519
2263,766
2264,672
2265,806
2266,1258
2267,0
2268,814
2269,1259
2270,672
2271,161
2272,1260
2273,1261
2274,1262
2275,1263
2276,-1
2277,1265
2278,175
2279,278
2280,1266
2281,925
2282,1267
2283,310
2284,1268
2285,905
2286,420
2287,527
2288,2899
2288,552
2289,393
2290,3113
2291,604
2292,7
2293,3116
2294,51
2295,1269
2296,1270
2297,4
2297,2852
2297,2815
2298,102
2299,3119
2299,3120
2300,-1
2301,1271
2302,138
2303,1272
2304,-1
2305,303
2306,576
2307,1001
2308,1273
2309,413
2310,1274
2311,-1
2312,-1
2313,974
2314,1277
2315,-1
2316,410
2317,1195
2318,104
2319,672
2320,579
2321,117
2322,1278
2323,849
2324,1279
2325,71
2326,1280
2327,1261
2328,1281
2329,63
2330,1282
2331,137
2331,425
2331,3124
2332,852
2332,843
2333,-1
2334,482
2335,483
2336,1283
2337,1284
2338,458
2339,423
2340,1285
2341,1286
2342,3125
2343,79
2344,3127
2344,3128
2345,1287
2346,59
2347,1288
2348,262
2349,-1
2350,424
2351,686
2352,1289
2353,616
2354,3129
2354,244
2355,545
2356,1290
2357,3130
2358,3132
2358,3133
2358,3134
2359,1291
2360,376
2361,413
2362,1293
2363,92
2364,348
2365,869
2366,1294
2367,1295
2368,3135
2368,802
2369,1296
2370,1297
2371,726
2371,2903
2371,4
2372,1298
2373,1299
2374,33
2375,-1
2376,-1
2377,570
2378,1302
2379,1303
2380,461
2381,33
2382,1304
2383,199
2384,60
2385,1305
2386,126
2387,625
2388,484
2389,1306
2390,1088
2391,351
2392,1307
2393,563
2394,-1
2395,803
2396,1132
2397,1308
2398,1309
2399,102
2400,1276
2401,178
2402,3136
2402,3137
2403,1310
2404,466
2405,223
2406,1312
2407,1313
2408,2886
2408,772
2409,1314
2410,1218
2411,1315
2412,1307
2413,1316
2414,-1
2415,501
2416,40
2417,1318
2418,717
2419,-1
2420,1320
2421,144
2422,194
2423,1000
2424,1080
2425,3
2426,2854
2426,685
2427,3138
2427,3139
2428,113
2429,119
2430,2846
2430,386
2430,2861
2431,3141
2431,1239
2432,1321
2433,443
2434,1322
2435,178
2436,1323
2437,1324
2438,373
2439,229
2440,54
2441,722
2442,1325
2443,559
2444,2825
2445,700
2446,1326
2447,1327
2448,722
2449,1328
2450,802
2451,2903
2452,20
2453,-1
2454,31
2455,330
2456,415
2457,1330
2458,1331
2459,2886
2460,333
2461,-1
2462,-1
2463,501
2464,1334
2465,1095
2466,1335
2467,999
2468,1336
2469,503
2470,1337
2471,178
2472,2993
2473,728
2474,2306
2475,647
2476,803
2477,-1
2478,126
2479,1339
2480,800
2481,1758
2482,932
2483,-1
2484,506
2485,1341
2486,100
2487,3144
2488,905
2489,126
2490,1342
2491,1206
2491,3124
2492,994
2493,932
2494,144
2495,3145
2495,3146
2496,2109
2496,2590
2497,-1
2498,803
2499,1344
2500,519
2501,1345
2502,625
2502,803
2502,724
2503,980
2504,1346
2505,45
2506,1347
2507,33
2508,1348
2509,692
2510,431
2511,128
2512,1349
2513,862
2514,507
2515,1350
2516,1351
2517,142
2518,295
2519,1352
2520,1353
2521,925
2522,7
2523,3147
2524,115
2525,594
2526,1354
2527,3148
2528,2617
2529,87
2530,729
2531,156
2532,1355
2533,1204
2534,646
2535,272
2536,235
2537,469
2538,123
2539,3151
2539,3152
2540,1356
2541,443
2542,-1
2543,1063
2544,576
2545,191
2546,505
2547,-1
2548,1359
2549,3136
2549,3137
2550,499
2551,3153
2552,1360
2553,1361
2554,1337
2554,2852
2555,145
2556,1362
2557,100
2558,1363
2559,-1
2560,1365
2561,1261
2562,3156
2562,3157
2563,1366
2564,1155
2565,1121
2565,507
2566,1367
2567,1368
2568,1369
2569,59
2569,803
2569,
2570,376
2571,2854
2571,507
2572,368
2573,1370
2574,1016
2575,1371
2576,1372
2577,501
2578,54
2579,3010
2579,3159
2580,1373
2581,-1
2582,1637
2582,722
2583,1375
2584,1376
2585,679
2586,1377
2587,-1
2588,176
2589,-1
2590,502
2591,1379
2592,411
2593,2854
2593,3164
2593,3165
2594,358
2595,79
2596,1380
2597,1381
2598,1335
2599,1382
2600,1383
2601,1384
2602,1385
2603,436
2604,3166
2605,1386
2606,1281
2607,560
2608,168
2609,854
2610,1387
2611,2959
2611,2861
2611,2999
2612,1388
2613,1389
2614,767
2615,1390
2616,3049
2616,1869
2617,365
2618,726
2619,1483
2619,2883
2619,2825
2620,242
2621,3171
2622,1392
2623,1393
2624,958
2625,1627
2626,33
2627,989
2628,1394
2629,853
2630,1
2631,168
2632,1395
2633,263
2634,1396
2635,1397
2636,1398
2637,1399
2638,533
2639,646
2639,849
2640,167
2641,625
2642,2993
2643,3010
2644,1400
2645,3173
2646,1462
2646,2908
2647,1401
2648,581
2649,3174
2650,199
2651,1402
2652,452
2653,3177
2653,905
2654,1012
2655,55
2656,1403
2657,3145
2657,3146
2658,2959
2659,29
2660,102
2661,1404
2662,1039
2663,-1
2664,667
2665,1406
2666,1407
2667,1408
2668,1409
2669,185
2670,137
2670,425
2671,1410
2672,2854
2672,3183
2673,823
2674,1411
2675,892
2676,287
2676,3222
2677,417
2678,239
2679,1412
2680,1413
2681,1414
2682,-1
2683,965
2684,1416
2685,1043
2686,1417
2687,461
2688,-1
2689,1418
2690,29
2691,452
2692,1419
2693,742
2694,3185
2694,3186
2695,1420
2696,1421
2697,576
2698,1422
2699,467
2699,507
2699,1120
2700,1423
2701,-1
2702,383
2703,1424
2704,1285
2705,3188
2705,3014
2706,-1
2707,651
2708,804
2709,104
2709,776
2710,1426
2711,642
2712,695
2713,1427
2714,1428
2715,242
2716,827
2717,-1
2718,351
2719,527
2720,595
2721,192
2722,1429
2723,1430
2724,1431
2725,1432
2726,342
2727,146
2728,3190
2728,856
2729,1433
2730,1434
2731,520
2732,42
2733,1435
2734,1156
2735,-1
2736,-1
2737,303
2738,302
2739,1165
2740,3191
2741,-1
2742,61
2743,625
2744,2099
2744,1606
2745,1043
2746,1437
2747,1281
2748,2814
2748,40
2749,1438
2750,581
2751,625
2752,1439
2753,29
2754,1337
2754,244
2755,534
2756,965
2757,1440
2758,1441
2759,3195
2760,156
2761,1000
2762,1218
2763,1004
2764,-1
2765,854
2766,381
2767,1443
2768,862
2769,1444
2770,1036
2771,1445
2772,1337
2773,1446
2774,1447
2775,3010
2776,1448
2777,115
2778,993
2779,-1
2780,1450
2781,646
2782,3197
2783,-1
2784,1452
2785,412
2786,237
2787,209
2788,1453
2789,961
2790,2531
2790,1892
2791,1784
2792,98
2793,3200
2794,800
2795,1454
2796,705
2797,1455
2798,-1
2799,1106
2800,7
2801,1456
2802,-1
2803,1242
2804,1458
2805,1459
2806,772
2807,104
2808,1460
2809,1461
2810,100
2811,1257
2812,958
2813,1462
2814,137
2814,3204
2814,3205
2815,50
2816,3206
2816,3197
2817,217
2818,1463
2819,849
2820,823
2821,1464
2822,579
2823,1824
2823,1465
2824,470
2825,1466
2826,862
2827,829
2828,1467
2829,1468
2830,1469
2831,1470
2832,878
2833,362
2834,1061
2835,1471
2836,1472
2837,1473
2838,584
2839,2175
2840,408
2841,3209
2842,1012
2843,175
2844,1474
2845,185
2846,2825
2846,397
2847,865
2848,346
2849,209
2850,1475
2851,100
2852,1379
2853,136
2854,1476
2855,1060
2855,3164
2855,3212
2856,397
2857,3213
2857,3214
2858,1477
2859,249
2860,1478
2861,1479
2862,144
2863,702
2864,868
2865,722
2866,856
2866,805
2867,1480
2868,1421
2869,207
2870,5
2871,465
2872,1481
2873,102
2874,427
2875,1079
2876,59
2877,1482
2878,76
2879,970
2880,225
2881,274
2882,1483
2883,43
2884,404
2885,804
2886,154
2887,3215
2888,338
2889,1484
2890,1012
2891,1485
2892,502
2893,887
2894,2855
2895,2433
2895,2109
2896,1486
2897,1487
2898,3219
2899,1110
2900,410
2901,1488
2902,283
2903,507
2904,239
2905,595
2906,318
2907,1489
2908,606
2909,1490
2910,679
2911,757
2912,3220
2912,823
2913,376
2914,494
2915,856
2916,1214
2917,5
2918,790
2919,1491
2920,1492
2921,1493
2922,1494
2923,536
2924,136
2925,1082
2926,647
2927,287
2928,626
2929,26
2930,-1
2931,1496
2932,1497
2933,1498
2934,1499
2935,479
2936,384
2937,239
2938,282
2939,219
2940,149
2941,-1
2942,25
2943,-1
2944,1125
2945,1199
2946,873
2947,22
2948,2902
2949,1501
2950,345
2951,71
2952,1502
2953,239
2954,20
2955,285
2956,1504
2957,1505
2958,3223
2959,-1
2960,25
2961,235
2962,-1
2963,92
2964,1506
2965,738
2966,864
2967,137
2968,217
2969,2907
2970,849
2971,1507
2972,3052
2972,3053
2973,1508
2974,1219
2975,333
2976,1509
2977,625
2978,1510
2979,1511
2980,1512
2981,-1
2982,-1
2983,1514
2984,-1
2985,1274
2986,313
2987,1515
2988,715
2989,200
2990,2597
2990,625
2991,269
2992,925
2993,303
2994,546
2995,244
2996,605
2997,1517
2998,1236
2999,3229
3000,679
3001,1379
3002,776
3002,2197
3003,1518
3004,71
3005,73
3006,1519
3007,250
3008,5
3009,348
3010,516
3011,1261
3012,291
3013,2855
3013,254
3014,252
3015,1520
3016,582
3017,50
3018,1521
3019,413
3020,33
3021,20
3022,1522
3023,821
3024,1523
3025,61
3026,209
3027,594
3028,1736
3029,1225
3030,1524
3031,217
3032,1525
3033,530
3034,1526
3035,970
3036,443
3036,3232
3037,705
3038,136
3039,61
3040,625
3041,1527
3042,33
3043,1528
3044,1529
3045,616
3046,1530
3047,1046
3048,1531
3049,597
3050,115
3051,302
3052,1532
3053,430
3054,318
3055,429
3056,707
3057,1063
3058,-1
3059,1459
3060,140
3061,275
3062,652
3063,1534
3064,1535
3065,1536
3066,269
3067,1192
3068,648
3069,1522
3070,588
3071,2825
3072,1537
3073,625
3074,1004
3075,25
3075,849
3076,1538
3077,854
3078,160
3079,1539
3080,201
3081,1540
3082,722
3083,3233
3083,679
3083,3229
3084,866
3085,199
3086,376
3087,605
3088,239
3089,276
3090,1222
3091,1541
3092,18
3093,725
3094,1542
3095,1078
3096,1543
3097,1544
3098,3235
3099,340
3100,1545
3101,1546
3102,1547
3103,1548
3104,1479
3105,1549
3106,1377
3106,
3107,1550
3108,1551
3109,-1
3110,733
3111,1553
3112,176
3113,-1
3114,95
3115,-1
3116,29
3117,1555
3118,364
3119,1556
3120,-1
3121,412
3122,1557
3123,1558
3124,3238
3125,1559
3126,1560
3127,194
3128,1561
3129,862
3130,1378
3131,1562
3132,852
3132,499
3133,1563
3134,629
3135,1399
3136,559
3137,1564
3138,3240
3138,3203
3139,1989
3139,2661
3140,721
3141,53
3142,-1
3142,1565
3143,923
3144,126
3145,755
3146,-1
3147,1303
3148,1566
3149,1567
3150,3022
3150,2409
3151,1534
3152,1568
3153,1569
3154,113
3155,469
3156,1462
3156,2908
3157,93
3158,2531
3159,1392
3160,374
3161,1012
3162,1571
3163,414
3164,746
3165,465
3165,2983
3165,2984
3166,1518
3167,-1
3168,53
3169,1573
3170,1253
3171,1574
3172,1575
3173,1576
3174,461
3175,1577
3176,2879
3177,443
3178,809
3179,3242
3179,2815
3180,1578
3181,905
3182,1175
3183,11
3184,518
3185,325
3186,1579
3187,728
3188,-1
3189,79
3190,864
3191,1581
3192,1582
3193,3243
3193,814
3194,1583
3195,1584
3196,1585
3197,368
3198,1586
3199,408
3200,3245
3201,552
3202,646
3203,1587
3204,999
3205,658
3206,470
3207,1588
3208,1589
3209,3164
3210,1590
3211,1591
3212,453
3213,-1
3214,823
3215,1592
3216,3247
3217,1593
3218,10
3219,1594
3220,1259
3221,800
3222,14
3223,1595
3224,21
3225,474
3226,1597
3227,604
3228,1598
3229,1387
3230,1599
3231,1000
3232,778
3233,1600
3234,545
3235,1601
3236,1369
3237,136
3238,1602
3239,1603
3240,623
3241,477
3242,408
3243,581
3244,1604
3245,1605
3246,1606
3247,1607
3248,1608
3249,1609
3250,191
3251,1610
3252,2924
3252,3252
3253,61
3254,3253
3255,1612
3256,1465
3257,1156
3258,862
3259,390
3260,73
3261,1306
3262,470
3263,104
3264,1613
3265,1614
3266,2980
3267,1615
3268,1462
3269,990
3270,1616
3271,143
3272,115
3273,345
3274,1617
3275,1618
3276,1930
3276,2248
3277,966
3278,1256
3279,841
3280,820
3280,3183
3281,306
3282,1619
3283,1620
3284,1621
3285,1324
3286,802
3287,882
3288,1122
3289,92
3290,1298
3291,1622
3292,1623
3293,849
3294,401
3295,263
3296,1291
3297,1624
3298,1477
3299,30
3300,1098
3301,239
3302,54
3303,54
3304,728
3305,845
3306,3256
3307,3258
3308,1625
3309,318
3310,676
3311,209
3312,29
3313,10
3314,696
3315,3260
3316,8
3317,1042
3318,29
3319,1534
3320,1626
3321,1627
3322,1628
3323,2502
3324,2899
3325,1281
3326,720
3327,1087
3327,33
3328,1629
3329,1474
3330,1475
3331,673
3332,895
3333,1038
3334,1500
3335,1587
3336,1630
3337,-1
3338,189
3339,126
3340,519
3341,1632
3342,849
3343,2454
3344,958
3345,4
3346,113
3347,1633
3348,896
3349,-1
3350,410
3351,1635
3352,1636
3353,1637
3354,1638
3355,1639
3356,1488
3357,1640
3358,99
3359,11
3360,700
3361,1641
3362,1316
3363,2988
3364,1642
3365,1643
3366,302
3367,-1
3368,189
3369,1644
3370,1645
3371,49
3372,1646
3373,1647
3374,622
3375,1648
3376,209
3377,410
3378,1649
3379,184
3380,583
3381,1084
3382,364
3383,1650
3384,3265
3385,723
3386,1307
3386,3266
3387,1651
3388,1652
3389,1653
3390,144
3391,408
3392,1470
3393,1654
3394,1655
3395,663
3396,-1
3397,479
3398,1657
3399,1445
3400,1658
3401,1659
3402,1660
3403,115
3404,727
3405,1661
3406,348
3407,1662
3408,1663
3409,1664
3410,1665
3411,1666
3412,1667
3413,658
3414,1668
3415,274
3416,2846
3417,192
3418,640
3419,147
3420,1669
3421,251
3422,1028
3423,33
3424,351
3425,1670
3426,-1
3427,3267
3428,132
3429,166
3430,3270
3431,1203
3432,160
3433,1488
3434,1672
3435,1673
3436,466
3437,1368
3438,-1
3439,1675
3440,1676
3441,72
3442,1677
3443,530
3444,958
3445,2520
3446,3274
3447,3132
3448,560
3449,752
3449,631
3450,1678
3451,1809
3452,536
3453,1679
3454,1680
3455,1681
3456,642
3457,-1
3458,271
3459,-1
3460,310
3461,2924
3461,1148
3462,1684
3463,239
3464,389
3465,838
3466,-1
3467,501
3468,767
3469,507
3470,821
3471,-1
3472,1685
3473,178
3474,1686
3475,30
3476,459
3477,1210
3478,959
3479,383
3480,524
3480,3279
3481,295
3482,461
3483,1982
3484,958
3485,1862
3486,1688
3487,61
3488,3281
3489,212
3490,1019
3491,102
3492,582
3493,19
3494,2241
3495,1587
3496,499
3497,1689
3498,527
3499,366
3500,1690
3501,931
3502,918
3503,26
3504,156
3505,1691
3506,1692
3507,552
3508,2846
3509,11
3510,1693
3511,1694
3512,1695
3513,821
3514,294
3515,1696
3516,1697
3517,1698
3518,858
3519,671
3520,1292
3521,29
3522,889
3523,1699
3524,523
3525,3286
3525,3287
3526,1700
3527,1701
3528,2993
3528,3288
3528,3289
3529,1592
3530,3290
3530,3291
3531,1702
3532,1703
3533,1228
3534,1192
3535,1704
3536,1689
3537,1203
3538,3010
3538,3292
3539,29
3540,1705
3541,-1
3542,1078
3543,220
3544,494
3545,10
3546,1255
3547,1707
3548,140
3549,1682
3550,1645
3551,896
3552,1708
3553,563
3554,1709
3555,479
3556,1631
3557,104
3558,499
3559,190
3560,198
3561,673
3562,1710
3563,965
3564,246
3565,949
3566,1478
3567,238
3568,2328
3569,1711
3570,190
3571,1643
3572,1712
3573,210
3574,-1
3575,-1
3576,59
3577,772
3578,1714
3579,1716
3580,128
3581,280
3582,1007
3583,1717
3584,532
3585,245
3586,425
3587,849
3588,1718
3589,1135
3590,1719
3591,1720
3592,1337
3592,1595
3593,2118
3594,875
3595,746
3596,1721
3597,591
3598,1722
3599,1065
3600,1723
3601,686
3602,3296
3602,3297
3603,1277
3604,504
3605,1057
3606,835
3607,3101
3607,3298
3607,3299
3608,187
3609,92
3609,1536
3610,1724
3611,2734
3612,129
3613,405
3614,1005
3615,1725
3616,100
3617,-1
3618,1727
3619,382
3620,3301
3621,-1
3622,3303
3622,3304
3623,1729
3624,1419
3625,3305
3626,-1
3627,520
3628,59
3629,788
3630,1730
3631,628
3632,184
3633,1731
3634,3307
3634,219
3635,533
3636,384
3637,1570
3638,59
3638,3308
3639,663
3640,209
3641,849
3641,3309
3642,1732
3643,438
3644,393
3645,391
3646,100
3647,-1
3648,750
3649,732
3650,2854
3651,318
3652,1734
3653,1095
3654,126
3655,166
3656,368
3657,2861
3658,1735
3659,1736
3660,958
3661,1063
3662,125
3663,1737
3664,1738
3665,761
3666,3229
3667,1739
3668,1740
3669,993
3670,178
3671,348
3671,2197
3672,1741
3673,803
3674,746
3675,1742
3676,236
3677,1249
3678,-1
3679,772
3680,391
3681,1744
3682,62
3683,1745
3684,3312
3685,572
3685,849
3686,537
3687,20
3688,1643
3689,581
3690,335
3691,695
3692,149
3692,646
3693,124
3694,1746
3695,83
3696,1747
3697,516
3698,2753
3699,1748
3700,63
3701,479
3702,3315
3703,887
3704,1749
3705,3255
3706,306
3707,3322
3708,-1
3708,3445
3709,1751
3710,1752
3711,803
3712,1027
3713,-1
3714,3325
3715,1524
3716,-1
3717,1434
3718,1206
3719,695
3720,1754
3721,1755
3722,1756
3723,575
3724,401
3725,1757
3726,744
3727,1759
3728,172
3729,2877
3730,1760
3731,1377
3732,1761
3733,19
3734,1762
3735,1763
3736,45
3737,60
3738,820
3739,3331
3739,3332
3740,3333
3740,2481
3741,1725
3741,2358
3742,1764
3743,1765
3744,637
3745,1263
3746,1766
3747,127
3747,2490
3748,347
3749,-1
3749,
3749,1453
3750,1346
3751,434
3752,1767
3753,1743
3754,1654
3755,1489
3756,-1
3757,405
3758,1768
3759,339
3759,209
3760,-1
3761,1770
3762,1117
3763,176
3764,772
3765,382
3766,917
3767,-1
3768,408
3769,1063
3770,595
3771,3338
3771,3339
3772,1771
3773,1772
3774,1773
3775,3340
3775,2951
3775,776
3776,2955
3777,29
3778,1774
3779,1775
3780,366
3781,274
3782,1776
3783,1777
3784,1778
3785,182
3786,1566
3787,855
3788,244
3789,443
3789,2427
3790,1779
3791,925
3792,672
3793,1780
3794,1781
3795,1377
3796,1782
3797,220
3798,1783
3799,306
3800,608
3801,499
3802,1785
3803,1786
3804,1022
3805,193
3806,1969
3807,1787
3808,758
3809,2888
3810,1767
3811,-1
3812,1595
3813,809
3814,-1
3815,1390
3816,59
3817,1012
3818,469
3819,3000
3820,1542
3821,1789
3822,102
3823,1790
3824,112
3825,357
3826,791
3827,76
3828,559
3828,1000
3829,55
3830,1791
3831,2936
3832,1792
3833,-1
3834,841
3835,1793
3836,1794
3837,1795
3838,1735
3839,1796
3840,726
3840,487
3841,1521
3842,1482
3843,33
3844,1797
3845,1798
3846,1799
3847,2209
3848,-1
3849,1800
3850,1281
3851,-1
3852,-1
3853,1802
3854,42
3855,-1
3856,59
3857,268
3858,59
3859,2831
3860,1803
3861,1804
3862,30
3863,1805
3864,198
3865,1806
3866,678
3867,1281
3868,605
3869,1807
3870,1808
3871,1409
3872,1809
3873,313
3874,1810
3875,1811
3876,1812
3877,1813
3878,1814
3879,1016
3880,2041
3880,3351
3881,140
3882,1815
3883,42
3884,1612
3885,759
3886,837
3887,-1
3888,1816
3889,802
3889,3354
3890,1817
3891,630
3892,1046
3893,1818
3894,-1
3895,458
3896,1819
3897,1144
3898,1820
3899,375
3900,1821
3901,970
3902,585
3903,1822
3904,1823
3905,-1
3906,780
3907,120
3908,-1
3909,3355
3910,1568
3911,1684
3912,17
3913,3358
3913,2400
3914,1824
3915,1825
3916,3069
3917,1620
3918,806
3919,1826
3920,1827
3921,236
3922,1828
3923,1828
3924,805
3925,190
3926,703
3927,1387
3928,92
3929,1829
3930,-1
3931,1061
3932,1831
3933,1832
3934,771
3935,373
3936,1012
3937,1834
3938,731
3939,852
3940,1835
3941,1836
3942,128
3943,630
3944,2409
3945,3361
3945,3362
3946,143
3947,413
3948,42
3949,479
3950,1555
3951,3363
3952,1837
3953,1838
3954,1839
3955,1840
3956,931
3957,93
3958,450
3959,11
3960,357
3961,852
3961,244
3962,3364
3962,2879
3963,313
3964,1841
3965,873
3966,0
3967,3054
3968,253
3969,104
3970,11
3971,1041
3972,739
3973,679
3974,414
3975,1842
3976,1843
3977,244
3978,-1
3979,1845
3980,1751
3981,2852
3981,803
3982,768
3983,288
3984,166
3985,95
3986,1846
3987,1093
3988,1847
3989,1294
3990,1848
3991,496
3992,-1
3993,1720
3994,3366
3995,1849
3996,136
3997,725
3998,862
3999,802
4000,722
4001,2904
4001,1212
4002,2944
4002,3367
4002,2945
4003,142
4004,423
4004,1804
4004,2708
4005,1109
4006,1850
4007,1851
4008,1852
4009,1853
4010,772
4011,679
4012,149
4013,1854
4014,1470
4015,1409
4016,808
4017,611
4018,576
4019,33
4020,217
4021,1654
4022,1855
4023,3369
4024,1856
4025,358
4026,1857
4027,958
4028,26
4029,1858
4030,346
4031,2061
4032,1859
4033,-1
4034,1082
4035,1860
4036,692
4037,313
4038,194
4039,570
4040,1861
4041,139
4042,3371
4042,869
4043,1862
4044,1863
4045,520
4046,95
4047,731
4048,21
4049,1554
4050,1864
4051,1865
4052,1426
4053,458
4054,519
4055,1866
4056,101
4057,1001
4058,120
4059,871
4060,1093
4061,198
4062,804
4063,156
4064,384
4065,185
4066,1867
4067,1820
4068,1868
4069,252
4070,1869
4071,120
4072,3229
4072,849
4072,3035
4073,1870
4074,1871
4075,3281
4076,1872
4077,56
4078,-1
4079,3372
4080,1205
4081,1874
4082,1012
4083,217
4084,1875
4085,2880
4086,1876
4087,453
4088,1877
4089,996
4090,731
4091,348
4092,1878
4093,21
4094,217
4095,3378
4096,1879
4097,727
4098,209
4099,1880
4100,49
4101,1065
4102,1882
4103,3379
4104,1883
4105,3380
4106,820
4107,503
4108,1063
4109,125
4110,1884
4111,458
4112,1197
4113,1090
4114,834
4115,1354
4116,1885
4117,625
4117,3382
4118,297
4119,174
4120,1886
4121,802
4122,2866
4122,2389
4122,2867
4123,1296
4124,1042
4125,1887
4126,146
4127,1888
4128,2879
4129,1889
4130,1890
4131,1891
4132,2657
4133,1892
4134,3385
4134,3386
4134,3387
4135,1893
4136,519
4137,221
4138,974
4139,3390
4139,3391
4140,1894
4141,1895
4142,803
4143,1896
4144,450
4145,1897
4146,-1
4147,156
4148,703
4149,1898
4150,48
4151,1569
4152,-1
4153,1899
4154,1481
4155,92
4156,247
4157,61
4158,814
4159,1409
4160,1900
4161,1875
4162,1901
4163,10
4164,3392
4164,3393
4165,1174
4166,1419
4167,672
4168,727
4169,863
4170,40
4170,
4171,1560
4172,582
4173,175
4174,1902
4175,3309
4175,852
4176,3396
4177,728
4178,1903
4179,1661
4180,3355
4181,14
4182,312
4183,115
4183,3108
4183,465
4184,802
4185,376
4185,119
4186,726
4186,3398
4187,363
4188,1904
4189,3400
4189,
4189,
4189,
4189,
4189,3401
4189,
4190,1905
4191,1906
4192,1178
4193,31
4194,1275
4195,1824
4196,1907
4197,3402
4197,3403
4198,1908
4199,1276
4200,442
4201,1909
4202,1627
4203,3404
4204,1001
4205,59
4206,20
4207,1910
4208,342
4209,1911
4210,1912
4211,753
4212,585
4213,1914
4214,586
4215,3243
4216,287
4216,3222
4217,3407
4218,-1
4219,3409
4220,5
4221,1529
4222,3410
4223,1916
4224,1917
4225,1918
4226,1919
4227,1562
4228,992
4229,-1
4230,145
4231,-1
4232,408
4233,364
4234,1921
4235,1922
4236,1923
4237,303
4238,1924
4239,1807
4240,306
4241,821
4242,1421
4243,413
4244,1925
4245,3164
4245,3212
4246,385
4247,3411
4248,916
4249,504
4250,1926
4251,552
4252,1445
4253,1197
4254,1927
4255,59
4256,1522
4257,1928
4258,780
4259,1751
4260,2502
4261,209
4262,2539
4263,-1
4264,124
4265,904
4266,1012
4267,-1
4268,1930
4269,1931
4270,-1
4271,577
4272,144
4273,3413
4274,3415
4275,520
4276,632
4277,479
4277,443
4278,1933
4279,3417
4279,3418
4280,444
4281,119
4282,1934
4283,185
4284,730
4285,1935
4286,114
4287,1562
4288,33
4289,100
4290,71
4291,441
4292,806
4293,584
4294,266
4295,1391
4296,1936
4297,1937
4298,1938
4299,230
4300,443
4301,149
4302,771
4303,921
4304,115
4305,1939
4306,1940
4307,589
4308,3420
4308,3421
4309,1941
4310,559
4311,1942
4312,249
4313,239
4314,1943
4315,661
4315,983
4315,3205
4316,-1
4317,1522
4318,684
4319,951
4320,782
4321,821
4321,3423
4322,100
4323,1945
4324,1946
4325,1450
4326,933
4327,687
4328,3424
4328,3425
4329,385
4330,576
4331,612
4332,507
4333,223
4334,1947
4335,921
4336,1948
4337,1949
4338,719
4339,3426
4340,1013
4341,144
4342,732
4343,1046
4344,408
4345,604
4346,1950
4347,125
4348,805
4349,1644
4350,1951
4351,61
4352,577
4353,835
4354,1952
4355,999
4356,1721
4357,1229
4358,860
4359,144
4360,803
4361,-1
4362,527
4363,1664
4364,1953
4365,1019
4366,909
4367,746
4367,1677
4368,1194
4369,716
4370,1592
4371,1954
4372,8
4373,1955
4374,-1
4375,2852
4375,2271
4376,147
4377,144
4378,1957
4379,1958
4380,239
4381,1959
4382,820
4383,1409
4384,3164
4384,3212
4385,370
4386,1960
4387,410
4388,1961
4389,1962
4390,1963
4391,826
4392,1964
4393,1965
4394,805
4395,255
4396,474
4397,340
4397,146
4398,780
4399,-1
4400,1967
4401,1219
4402,1968
4403,1969
4404,1970
4405,-1
4406,408
4407,1162
4408,1972
4409,2866
4409,2389
4409,2867
4410,663
4411,1973
4412,234
4413,734
4413,2948
4414,1974
4415,1975
4416,700
4417,1976
4418,1271
4419,3429
4420,223
4421,217
4422,1977
4423,1978
4424,443
4425,1979
4426,113
4427,879
4428,120
4429,1980
4430,1981
4431,3430
4432,1804
4433,-1
4434,176
4435,1732
4436,853
4437,144
4438,3432
4438,376
4439,2955
4440,1226
4441,2618
4442,1983
4443,606
4443,2908
4444,1225
4445,1984
4446,625
4447,1985
4448,2879
4448,3434
4449,-1
4450,1455
4451,1987
4452,560
4453,1988
4454,1078
4455,2854
4456,1000
4457,1989
4458,1990
4459,2852
4460,852
4460,149
4461,33
4462,623
4463,348
4464,3435
4465,532
4466,348
4467,1991
4468,1992
4469,3229
4470,-1
4471,450
4472,75
4473,1993
4474,1994
4475,2944
4476,43
4477,567
4478,926
4479,1027
4480,3441
4480,443
4481,53
4482,115
4483,1995
4484,99
4485,3442
4486,139
4487,646
4488,3444
4488,3445
4489,1996
4490,1516
4491,3446
4491,3447
4492,443
4492,1611
4493,694
4494,1998
4495,505
4496,1999
4497,478
4498,730
4499,3448
4500,545
4501,2478
4501,3449
4502,5
4503,-1
4504,569
4505,805
4506,2000
4507,2001
4508,1142
4509,3451
4510,570
4511,2002
4512,-1
4513,145
4514,1188
4515,1483
4515,1354
4516,788
4517,1038
4517,2883
4518,-1
4519,53
4520,2003
4521,318
4522,469
4523,-1
4524,1269
4525,2005
4526,820
4527,2006
4528,350
4529,2007
4530,1718
4531,996
4532,855
4533,527
4534,31
4535,-1
4536,866
4537,729
4538,643
4539,2009
4540,1044
4541,821
4542,-1
4543,2011
4544,2012
4545,3455
4545,3244
4546,1790
4547,2433
4547,1156
4547,1206
4548,3021
4549,1608
4550,838
4551,1608
4552,409
4553,1047
4554,25
4554,776
4555,581
4556,-1
4557,3459
4558,570
4559,2014
4560,16
4561,2015
4562,146
4563,3460
4563,3461
4564,746
4565,410
4566,2016
4567,2017
4568,916
4569,112
4570,1106
4571,460
4572,2018
4573,33
4574,2019
4575,1612
4576,970
4577,2020
4578,-1
4579,3076
4579,3077
4580,852
4580,113
4581,1526
4582,2021
4583,570
4584,1657
4585,1643
4586,23
4587,852
4588,2022
4589,2023
4590,2024
4591,2025
4592,2987
4593,300
4594,1012
4595,2026
4596,716
4597,2027
4598,1476
4599,820
4600,552
4601,443
4602,867
4603,3463
4604,1860
4605,2028
4606,519
4607,401
4608,118
4609,115
4610,3465
4611,567
4612,2029
4613,624
4614,716
4615,2030
4616,3426
4617,359
4618,2031
4619,2032
4620,1751
4621,192
4621,3466
4621,3467
4622,757
4623,1115
4624,399
4625,2033
4626,49
4627,1156
4628,2034
4629,1065
4630,197
4631,192
4632,2035
4633,3243
4634,824
4635,313
4636,3470
4636,3471
4637,306
4638,2037
4639,852
4640,2038
4641,2039
4642,557
4643,2040
4644,140
4645,2037
4646,3472
4647,2041
4648,519
4649,124
4650,905
4651,2042
4652,1738
4653,2043
4654,2044
4655,2045
4656,2046
4657,803
4658,353
4659,166
4660,1119
4661,2047
4662,61
4663,-1
4664,993
4665,661
4665,2751
4666,-1
4667,178
4668,313
4669,3474
4670,536
4671,3098
4672,1774
4673,2050
4674,146
4674,581
4675,1379
4676,2051
4677,2052
4678,1876
4679,2053
4680,1335
4681,417
4681,249
4682,21
4683,737
4684,1095
4685,730
4686,-1
4687,817
4688,909
4689,1306
4690,7
4691,408
4692,1335
4693,140
4694,2055
4695,250
4696,84
4697,951
4698,1599
4699,2056
4700,-1
4701,175
4702,3051
4703,1872
4704,2378
4704,3476
4705,2057
4706,2058
4707,1155
4708,770
4709,496
4710,2060
4711,545
4712,298
4713,-1
4714,1391
4715,1779
4716,2061
4717,426
4718,1751
4719,30
4720,2062
4721,1542
4722,601
4723,2562
4724,1657
4725,69
4726,2063
4727,96
4728,856
4729,178
4730,2064
4731,33
4732,183
4733,2065
4734,7
4735,2066
4736,2067
4737,776
4738,376
4739,1021
4740,570
4741,-1
4742,375
4743,1027
4744,3480
4744,3118
4744,3481
4745,1180
4746,2068
4747,1311
4748,2886
4749,3483
4750,1659
4751,3485
4751,3362
4752,2069
4753,-1
4754,3116
4755,59
4755,3308
4756,465
4757,2071
4758,909
4759,301
4760,1704
4761,112
4762,2072
4763,563
4764,64
4765,2073
4766,466
4767,3488
4768,1061
4769,411
4770,376
4771,2074
4772,389
4773,2075
4774,1615
4775,1824
4776,75
4777,756
4778,1720
4779,3491
4780,195
4781,2076
4782,2077
4783,1138
4784,1001
4785,70
4786,1615
4787,-1
4788,1368
4789,2016
4790,2079
4791,1352
4792,235
4793,2080
4794,104
4795,482
4796,383
4797,2081
4798,1084
4799,117
4800,349
4801,849
4802,83
4803,2083
4804,2084
4805,1423
4806,376
4807,2085
4808,1483
4809,376
4810,236
4811,689
4812,537
4813,2086
4814,632
4815,-1
4816,484
4817,2088
4818,100
4819,572
4820,3492
4820,3493
4821,286
4822,2852
4823,647
4824,588
4825,2089
4826,45
4827,3455
4828,1622
4829,2090
4830,99
4831,484
4832,2091
4833,1343
4834,800
4835,298
4836,1824
4837,1606
4838,581
4839,2092
4840,1699
4841,2093
4842,2094
4843,460
4844,144
4845,239
4846,837
4847,29
4848,2095
4849,896
4850,3419
4851,3215
4852,1197
4853,109
4854,2096
4855,702
4856,2097
4857,672
4858,743
4859,1368
4860,2098
4861,2099
4862,2100
4863,3498
4864,2101
4865,312
4866,2102
4867,21
4868,565
4869,113
4870,646
4871,2103
4872,124
4873,2104
4874,956
4875,487
4876,963
4877,410
4878,2105
4879,930
4880,443
4880,1000
4880,2816
4881,2534
4882,183
4883,890
4884,2106
4885,251
4886,3500
4886,1542
4887,965
4888,2107
4889,853
4890,521
4891,762
4891,413
4892,2108
4893,89
4894,235
4895,1989
4896,2109
4897,3333
4897,3503
4898,376
4899,3240
4900,1077
4901,109
4902,673
4903,358
4904,1587
4905,1607
4906,1631
4907,3385
4907,3504
4908,548
4909,2118
4910,852
4911,2110
4912,2111
4913,346
4914,2112
4915,362
4916,2462
4917,2113
4918,2664
4918,3507
4919,1776
4920,1698
4921,599
4922,2114
4923,1060
4924,1043
4925,677
4926,896
4927,2116
4928,1708
4929,2117
4930,-1
4931,643
4932,1397
4933,2120
4934,3510
4934,3161
4934,3511
4935,944
4936,3513
4937,3514
4938,2121
4939,996
4940,1499
4941,1831
4942,1298
4943,93
4944,2122
4945,1804
4946,3510
4946,3516
4947,276
4948,2123
4948,
4949,2124
4950,1027
4951,2125
4952,2024
4953,2126
4954,469
4955,465
4956,1689
4957,178
4958,729
4959,3517
4960,594
4961,2127
4962,-1
4963,102
4964,2726
4965,2126
4966,755
4967,-1
4968,854
4969,1274
4970,132
4971,364
4972,242
4973,306
4973,3319
4973,3320
4974,477
4975,2129
4976,2130
4977,577
4978,-1
4979,905
4979,3523
4980,1337
4980,3524
4981,1377
4982,599
4983,849
4984,40
4985,2132
4986,2133
4987,502
4988,2134
4989,1728
4990,2135
4991,3052
4992,2136
4993,-1
4994,2137
4995,492
4996,2138
4997,849
4998,569
4999,605
5000,3528
5000,3529
5001,209
5002,852
5003,2139
5004,7
5005,2140
5006,700
5007,-1
5008,-1
5009,-1
5010,414
5011,726
5011,1206
5012,2971
5013,2143
5014,2144
5015,165
5016,84
5017,594
5018,76
5019,33
5020,124
5021,527
5022,2145
5023,185
5024,2146
5025,2147
5026,1277
5027,2148
5028,1134
5029,2149
5030,2150
5031,199
5031,577
5032,1999
5033,788
5034,2825
5035,805
5036,222
5037,461
5038,865
5039,524
5040,156
5041,2151
5042,529
5043,346
5044,2152
5045,2153
5046,55
5047,2154
5048,2034
5049,1679
5050,2955
5051,823
5052,125
5053,632
5054,-1
5055,2156
5056,2157
5057,3049
5058,2158
5059,1291
5060,239
5061,1304
5062,172
5063,2159
5064,2879
5064,3384
5065,318
5066,974
5067,2161
5068,2162
5069,252
5070,852
5071,616
5072,2163
5073,14
5074,61
5075,247
5076,1417
5077,849
5078,2164
5079,2165
5080,3270
5081,2166
5082,2167
5083,2168
5084,1145
5085,2169
5086,1093
5087,768
5088,2170
5089,102
5090,862
5091,1699
5092,196
5093,1595
5094,0
5095,59
5096,3536
5096,3537
5097,2050
5098,345
5099,2171
5100,1065
5101,1274
5102,1883
5103,386
5104,917
5105,197
5106,1261
5107,60
5108,3539
5108,443
5109,2818
5110,818
5111,2172
5112,127
5113,2173
5114,2174
5115,1659
5116,381
5117,1591
5118,2909
5119,2271
5120,625
5120,2814
5121,3540
5122,1337
5123,2886
5124,348
5125,2175
5126,376
5127,1799
5128,3356
5129,244
5130,768
5131,2176
5132,2177
5133,1259
5134,2178
5135,492
5136,1689
5137,376
5138,519
5139,577
5140,2179
5141,2180
5142,110
5143,1259
5144,1904
5145,821
5145,478
5146,1796
5147,2181
5148,2944
5148,2208
5148,2135
5149,2182
5150,575
5151,821
5152,2183
5153,2987
5154,97
5155,2301
5156,1392
5157,2184
5158,689
5159,1175
5159,3544
5160,310
5161,2185
5162,2186
5163,2972
5164,2187
5165,2188
5166,2189
5167,1206
5168,2190
5169,417
5169,340
5170,1310
5171,1525
5172,2903
5173,2191
5174,-1
5175,-1
5176,104
5177,1772
5178,442
5179,2520
5179,2852
5180,405
5181,1856
5182,2192
5183,1937
5184,925
5185,2193
5186,2194
5187,2899
5187,2900
5188,758
5188,2861
5189,2195
5190,2196
5191,2197
5192,2198
5193,1598
5194,2199
5195,2200
5196,1322
5197,115
5197,3549
5198,1218
5199,-1
5200,2016
5201,2202
5202,2203
5203,1084
5204,2204
5205,3550
5205,3551
5206,1588
5207,2205
5208,2206
5209,646
5210,1229
5211,3552
5211,189
5212,2207
5213,1354
5214,474
5215,144
5216,1950
5217,646
5218,492
5219,3553
5220,340
5221,1606
5222,1767
5223,348
5224,-1
5225,2113
5226,3555
5226,3556
5227,2209
5228,1807
5228,3557
5229,69
5230,-1
5231,1421
5232,715
5233,2211
5234,214
5235,76
5236,1175
5237,123
5238,2212
5239,1504
5240,144
5241,927
5242,2903
5242,3558
5243,100
5244,215
5245,-1
5246,295
5247,321
5248,453
5249,376
5250,770
5251,1356
5252,1454
5253,2213
5254,2214
5255,25
5256,2215
5257,2216
5258,-1
5259,-1
5260,817
5261,300
5261,762
5262,2217
5263,2218
5264,210
5265,1632
5266,16
5267,2854
5268,2219
5269,965
5270,207
5271,2220
5272,364
5273,2221
5274,2222
5275,683
5276,1197
5277,879
5278,1695
5279,1476
5280,2223
5281,3560
5281,1677
5282,1567
5283,2224
5284,2061
5285,152
5286,725
5287,1983
5288,2225
5289,620
5290,-1
5291,2226
5292,835
5293,536
5294,1549
5295,707
5296,814
5297,1365
5298,-1
5299,2228
5300,2229
5301,1195
5302,348
5303,187
5304,1168
5305,75
5306,2230
5307,679
5308,993
5308,175
5309,475
5310,1684
5311,801
5312,662
5313,2167
5314,263
5315,490
5316,2231
5317,2232
5318,93
5319,3197
5320,504
5321,2233
5322,2234
5323,2235
5324,1453
5325,92
5326,2236
5327,109
5328,3563
5329,829
5330,958
5331,2237
5332,3144
5332,1772
5332,2271
5333,2238
5334,570
5335,1554
5336,1520
5337,318
5338,2239
5339,1849
5340,1324
5341,990
5342,413
5343,2240
5344,142
5345,169
5346,1204
5347,100
5348,2241
5349,2242
5350,2243
5351,2244
5352,2211
5353,2245
5354,758
5355,2246
5356,4
5357,-1
5358,2248
5359,430
5360,1379
5361,730
5362,2249
5363,814
5364,849
5365,2250
5366,2251
5367,104
5367,849
5368,696
5369,2252
5370,499
5371,749
5372,2253
5373,102
5374,2254
5375,1028
5376,2502
5377,272
5378,3568
5379,3540
5380,2047
5381,1349
5382,1244
5383,545
5384,2255
5385,2256
5386,2257
5387,671
5388,1148
5388,3570
5388,3571
5389,199
5390,863
5391,244
5392,2258
5393,641
5394,608
5395,1121
5395,3124
5396,507
5397,93
5398,-1
5399,1125
5400,3573
5401,569
5402,348
5402,3575
5403,2259
5404,1000
5405,570
5406,725
5407,272
5408,2260
5409,1657
5410,788
5411,589
5412,428
5413,-1
5414,1766
5415,172
5416,547
5417,1607
5418,3576
5419,1488
5420,2825
5420,3577
5421,731
5422,1663
5423,1587
5424,2904
5425,315
5426,-1
5427,2262
5428,1445
5429,2263
5430,274
5431,372
5432,1277
5433,527
5434,2264
5435,-1
5436,2265
5437,1555
5438,191
5439,2266
5440,1342
5441,1001
5442,1040
5443,2267
5444,2268
5445,428
5446,115
5446,849
5447,503
5448,2269
5449,661
5450,3144
5450,1120
5451,1987
5452,2372
5453,2270
5454,239
5455,854
5456,2271
5457,640
5458,2272
5459,672
5460,525
5461,460
5462,743
5463,102
5464,1198
5465,253
5466,2273
5467,2088
5468,428
5469,2199
5470,525
5471,1013
5472,1044
5473,1144
5474,683
5475,2274
5476,3584
5477,2275
5478,46
5479,630
5480,126
5481,2276
5482,209
5483,661
5484,2277
5485,2278
5486,200
5487,1807
5488,2191
5489,2764
5490,1522
5491,53
5492,1893
5493,620
5494,646
5495,1225
5496,482
5497,2095
5498,830
5499,2924
5500,3590
5501,1829
5502,30
5503,1327
5504,27
5505,2279
5506,465
5507,2280
5508,1962
5509,357
5510,2281
5511,854
5512,723
5513,144
5514,92
5515,1560
5516,1222
5517,2282
5518,877
5519,272
5520,1219
5521,253
5522,715
5523,2283
5524,662
5525,2284
5526,726
5526,3398
5527,3400
5528,214
5529,-1
5530,2286
5531,823
5532,642
5533,29
5534,14
5535,2287
5536,175
5537,727
5538,3540
5539,-1
5540,3049
5540,3597
5541,2288
5542,3598
5543,31
5544,808
5545,702
5546,376
5547,61
5548,89
5549,47
5550,1977
5551,2289
5552,2290
5553,552
5554,2291
5555,695
5556,-1
5557,466
5558,389
5559,194
5560,679
5561,2987
5562,2292
5563,911
5564,1807
5565,-1
5566,2293
5567,210
5568,2294
5569,3601
5569,3602
5570,474
5571,2295
5572,1170
5573,-1
5574,2296
5575,401
5576,87
5577,2297
5578,51
5579,672
5580,2298
5581,2299
5582,2167
5583,530
5584,1595
5585,-1
5586,2012
5587,2814
5587,507
5588,1739
5589,3605
5590,254
5591,348
5592,-1
5593,1587
5594,1135
5595,2556
5595,3526
5595,3607
5596,1106
5597,18
5597,3234
5598,1174
5599,1969
5600,185
5601,301
5602,1595
5603,-1
5604,183
5605,1125
5606,115
5607,4
5608,1042
5609,1462
5609,2109
5609,2852
5610,1332
5611,1965
5612,25
5613,2302
5614,915
5615,2303
5616,112
5617,19
5618,100
5619,1460
5620,2304
5621,674
5622,1125
5623,1784
5624,477
5625,2305
5626,788
5627,3609
5628,2306
5629,2854
5629,1677
5630,1440
5631,-1
5632,1904
5633,3540
5634,2308
5635,3610
5636,1385
5637,318
5638,925
5639,239
5640,-1
5641,3244
5642,1098
5643,504
5644,2309
5645,3614
5646,726
5647,385
5648,1633
5649,2310
5650,2311
5651,821
5652,167
5653,2312
5654,2313
5655,2314
5656,2004
5657,2315
5658,300
5659,95
5660,2316
5661,2317
5662,123
5663,1591
5664,2318
5665,42
5666,1227
5667,488
5668,97
5669,1429
5670,977
5671,3615
5671,461
5671,2027
5672,936
5673,2319
5674,144
5675,2320
5676,507
5677,2321
5678,2322
5679,3480
5680,428
5681,596
5682,1969
5683,2323
5684,3243
5684,
5685,-1
5686,4
5686,2815
5687,732
5688,172
5689,1808
5690,2325
5691,304
5692,974
5693,291
5694,2326
5695,501
5696,646
5697,2278
5698,311
5699,2327
5700,274
5701,29
5702,731
5703,2328
5704,2329
5705,2330
5706,2331
5707,1492
5708,2018
5709,1556
5710,423
5711,2332
5712,3620
5713,2333
5714,597
5715,298
5716,2334
5717,2335
5718,302
5719,1735
5720,678
5721,2336
5722,1277
5723,2337
5724,2338
5725,-1
5726,109
5727,2340
5728,-1
5729,716
5730,243
5731,2342
5732,387
5733,-1
5734,2332
5735,431
5736,803
5737,502
5738,2344
5739,854
5740,3621
5741,570
5742,1781
5743,-1
5744,1404
5745,2346
5746,223
5747,2347
5748,338
5749,183
5750,2348
5751,630
5752,251
5753,100
5754,1831
5755,2208
5755,3623
5756,30
5757,395
5758,81
5759,1372
5760,768
5761,2349
5762,720
5763,394
5764,2350
5765,-1
5766,113
5767,465
5768,2351
5769,2352
5770,492
5771,-1
5772,25
5773,-1
5774,1106
5775,1043
5776,2354
5777,2191
5778,140
5779,2355
5780,519
5781,-1
5782,1012
5783,3305
5784,865
5785,2358
5786,866
5787,1368
5787,2935
5788,2359
5789,2360
5790,1477
5791,4
5792,196
5793,2361
5794,386
5795,2362
5796,1190
5797,160
5798,423
5799,340
5800,2363
5801,2201
5802,260
5803,1077
5804,2723
5805,769
5806,249
5807,1454
5808,152
5809,2364
5810,2365
5811,1444
5812,2366
5813,2367
5814,1187
5815,2368
5816,136
5817,185
5818,1669
5819,1298
5820,2539
5821,2369
5822,-1
5823,100
5824,-1
5825,1882
5826,678
5827,381
5828,2371
5829,2226
5830,2372
5831,2373
5832,1449
5833,144
5834,852
5834,348
5834,3627
5835,778
5836,983
5836,236
5837,1595
5838,984
5838,3628
5839,54
5840,2374
5841,418
5842,842
5843,2376
5844,2377
5845,3629
5846,63
5847,383
5848,1540
5849,573
5850,2378
5851,2379
5852,25
5853,33
5854,48
5855,2380
5856,92
5857,196
5858,3390
5858,3634
5859,776
5860,1451
5861,10
5862,846
5863,2381
5864,3145
5864,3146
5865,755
5866,11
5867,727
5868,1811
5869,306
5870,726
5871,298
5872,2382
5873,2383
5874,3309
5874,251
5874,776
5875,1562
5876,-1
5877,-1
5878,1627
5879,-1
5880,2208
5881,-1
5882,3639
5883,-1
5884,3641
5884,3642
5885,1162
5886,2387
5887,2388
5888,3411
5889,2389
5890,466
5891,2390
5892,120
5893,2391
5894,2392
5895,209
5896,1542
5897,2393
5898,2852
5899,313
5900,452
5901,3164
5901,3645
5902,2394
5903,1005
5904,2395
5905,1276
5906,73
5907,1034
5908,1029
5909,1608
5910,2396
5911,722
5912,1354
5913,563
5914,1148
5914,115
5915,92
5915,244
5916,466
5917,426
5918,895
5919,849
5920,2397
5921,3305
5922,2398
5923,-1
5924,3244
5925,485
5926,496
5927,2400
5928,3021
5928,3457
5928,
5929,306
5930,2208
5930,3349
5931,643
5932,2401
5933,2277
5934,172
5935,2402
5936,424
5937,2117
5938,2403
5939,2404
5940,2172
5941,2405
5942,3649
5942,3650
5943,169
5944,244
5945,32
5946,1135
5947,95
5948,673
5949,2406
5950,2407
5951,2531
5952,2408
5953,405
5954,1239
5955,1533
5956,805
5957,52
5958,223
5959,1837
5960,2409
5961,87
5962,-1
5963,591
5964,2411
5965,1315
5966,2412
5967,461
5968,3441
5968,443
5969,3546
5970,217
5971,2413
5972,3653
5972,3654
5973,1765
5974,2099
5975,1106
5976,-1
5977,347
5978,2415
5979,244
5980,1411
5981,2416
5982,303
5983,2417
5984,357
5985,640
5986,2418
5987,2419
5988,2420
5989,175
5990,132
5991,482
5992,2953
5992,3655
5993,2421
5994,1566
5995,2422
5996,2423
5997,1569
5998,2424
5999,479
6000,982
6001,1808
6002,873
6003,443
6004,29
6005,410
6006,1218
6007,61
6008,416
6009,625
6010,2425
6011,849
6011,3230
6012,3244
6012,3425
6013,1253
6014,391
6015,509
6016,93
6017,956
6018,424
6019,217
6020,2426
6021,2427
6022,2354
6023,2428
6024,2429
6025,1960
6026,29
6027,479
6028,239
6029,2430
6030,1840
6031,27
6032,2431
6033,-1
6034,1387
6035,104
6036,2432
6037,3657
6037,2109
6037,3658
6038,849
6039,768
6040,1744
6041,92
6042,2433
6043,51
6044,348
6045,2315
6046,1767
6047,2434
6048,2435
6049,3000
6050,2436
6051,2437
6052,2438
6053,2439
6054,-1
6055,2440
6056,2441
6057,1129
6057,849
6058,1047
6059,926
6060,896
6061,2442
6062,1526
6063,1210
6064,1677
6065,1428
6066,2443
6067,2444
6068,2440
6069,683
6070,390
6071,2445
6072,172
6073,-1
6074,2200
6075,520
6076,909
6077,291
6078,2446
6079,1016
6080,2559
6081,165
6082,2447
6083,2448
6084,2449
6085,-1
6086,2450
6087,2944
6087,2908
6088,1361
6089,-1
6090,-1
6091,778
6092,2451
6093,2452
6094,1078
6095,1612
6096,373
6097,2453
6098,1356
6099,100
6100,731
6101,2455
6102,917
6103,14
6104,359
6105,2456
6106,722
6106,3425
6107,2457
6108,2917
6109,249
6110,1444
6111,73
6112,2458
6113,5
6113,113
6114,126
6115,300
6116,2459
6117,2047
6118,1510
6119,854
6120,1608
6121,2460
6122,2004
6123,2461
6124,3664
6124,625
6125,3305
6126,1578
6127,1483
6128,3240
6129,772
6130,1839
6131,486
6132,1265
6133,1210
6134,42
6135,1379
6136,3498
6137,604
6138,1768
6139,2462
6140,1194
6141,16
6142,26
6143,577
6144,1440
6145,504
6146,11
6147,61
6148,3667
6149,2463
6150,1595
6151,342
6152,968
6153,2464
6154,2497
6155,2465
6155,
6156,2466
6157,1836
6158,1165
6159,1084
6160,2467
6161,684
6162,-1
6163,1779
6164,2099
6165,3669
6165,1430
6166,241
6167,2469
6168,201
6169,2271
6170,1331
6171,2470
6172,272
6173,306
6174,814
6175,3670
6176,2471
6177,2472
6178,75
6179,1092
6180,1040
6181,1077
6182,2078
6183,925
6184,2473
6185,2474
6186,550
6187,2475
6188,1712
6188,3672
6189,1222
6190,2476
6191,1084
6192,616
6193,1379
6194,2477
6195,2478
6196,11
6197,2479
6198,933
6199,3305
6200,768
6201,2480
6202,974
6203,2481
6204,3309
6204,2814
6204,14
6205,1183
6206,2163
6207,2131
6208,992
6209,1065
6210,3677
6210,3678
6210,3679
6211,376
6212,2482
6213,823
6214,254
6215,2483
6216,601
6217,2484
6218,370
6219,11
6220,2271
6220,300
6221,2485
6222,583
6223,2486
6224,961
6225,601
6226,896
6227,2487
6228,2488
6229,-1
6230,761
6231,2073
6232,53
6233,3683
6234,175
6235,52
6236,2877
6236,2874
6237,1000
6238,2490
6239,3685
6239,3686
6240,2222
6241,1999
6242,971
6243,-1
6244,2492
6245,2493
6246,605
6247,1937
6248,2494
6249,102
6250,59
6251,1128
6252,176
6252,348
6253,348
6253,507
6254,198
6255,59
6255,646
6256,1093
6257,1668
6258,876
6259,2495
6260,1275
6261,2852
6262,2496
6263,2497
6264,811
6265,1928
6266,2498
6267,605
6268,2500
6269,2501
6270,2502
6271,1219
6272,-1
6273,209
6274,2505
6275,2506
6276,834
6277,466
6278,2507
6279,1829
6280,530
6281,2382
6282,2508
6283,242
6284,452
6285,2509
6286,768
6287,2510
6288,2511
6289,728
6289,3690
6290,1033
6291,768
6292,460
6293,2481
6294,31
6295,1863
6296,2512
6297,2360
6298,217
6299,1929
6300,1467
6301,818
6302,729
6303,247
6304,778
6305,2513
6306,2514
6307,2515
6308,191
6309,2516
6310,-1
6311,3279
6311,1434
6312,588
6313,1366
6314,5
6315,1042
6316,244
6317,1578
6318,920
6319,-1
6320,2505
6321,2909
6322,2517
6323,2518
6324,2519
6325,312
6326,2520
6327,3514
6328,3692
6329,2431
6330,2521
6331,2522
6332,941
6333,239
6334,2740
6335,1510
6336,149
6337,1454
6338,28
6339,758
6340,2756
6341,2523
6342,3371
6342,2914
6342,3230
6343,156
6344,2524
6345,61
6346,-1
6347,1560
6348,1703
6349,3480
6349,3118
6349,3481
6350,1560
6351,2526
6352,2527
6353,140
6354,2528
6355,2529
6356,2530
6357,2531
6358,-1
6359,546
6360,1159
6361,862
6362,2032
6363,668
6364,2532
6365,448
6366,804
6367,1125
6368,2533
6369,1247
6370,391
6371,119
6372,2534
6373,297
6374,2535
6375,965
6376,2536
6377,3695
6377,3696
6378,2537
6379,2538
6380,2846
6380,1567
6381,2852
6382,1512
6383,2539
6384,1368
6385,2540
6386,2541
6387,2879
6388,2031
6389,2542
6390,862
6391,814
6392,512
6393,1424
6394,278
6395,637
6396,1653
6397,2543
6398,2544
6399,849
6400,124
6401,2852
6401,137
6402,2545
6403,294
6403,3558
6404,2879
6404,2852
6404,2899
6405,147
6406,2375
6407,1106
6408,2546
6409,1195
6410,2547
6411,1387
6412,2548
6413,2549
6414,2321
6415,469
6416,428
6417,2550
6418,3450
6419,62
6420,3702
6420,3703
6421,862
6422,1001
6423,1824
6424,613
6425,625
6426,2551
6427,781
6428,2552
6429,183
6430,917
6430,1819
6431,2400
6432,814
6433,61
6434,2553
6435,2554
6436,2555
6437,2556
6437,3526
6437,3607
6438,3704
6438,1367
6439,1512
6440,662
6441,800
6442,1587
6443,3096
6444,411
6445,2557
6446,2558
6447,2061
6448,1328
6449,166
6450,2559
6451,2560
6452,225
6453,2078
6454,2561
6455,1960
6456,1253
6457,494
6458,3706
6459,3624
6460,100
6461,1210
6462,117
6463,821
6464,368
6465,1610
6466,2562
6467,271
6468,84
6469,244
6469,3709
6470,2814
6470,137
6471,2563
6472,2564
6473,640
6474,2163
6475,380
6476,755
6477,393
6478,925
6479,32
6480,2565
6481,1719
6482,2566
6483,140
6484,46
6485,33
6486,3025
6487,2568
6488,-1
6489,-1
6490,2569
6491,2570
6492,2571
6493,585
6494,1397
6494,2868
6495,2572
6496,185
6497,554
6498,776
6498,3540
6499,2573
6500,1477
6501,-1
6502,2369
6503,305
6504,3568
6505,2214
6506,48
6507,2756
6508,2575
6509,370
6510,2576
6511,60
6512,2577
6513,25
6514,858
6515,2578
6516,1647
6517,144
6518,77
6519,1109
6520,95
6521,2579
6522,2107
6523,115
6524,2580
6525,1385
6526,754
6527,596
6528,1008
6529,301
6530,1063
6531,3049
6532,1935
6533,92
6534,754
6535,2027
6536,1125
6537,1063
6538,3712
6539,2581
6540,31
6541,2547
6542,161
6543,2582
6544,113
6545,1077
6546,862
6547,3713
6547,2704
6548,2583
6549,1485
6550,1297
6551,244
6552,646
6552,1239
6553,1518
6554,2584
6555,3714
6556,2061
6557,249
6558,2323
6559,883
6560,2304
6561,2585
6562,2443
6563,1484
6564,527
6565,1725
6566,2376
6567,1206
6567,776
6568,941
6569,2057
6570,2586
6571,198
6572,1288
6572,2771
6573,185
6574,1578
6575,1261
6576,2041
6577,2587
6578,2356
6579,2588
6580,364
6581,1036
6582,263
6583,2589
6584,3450
6585,3719
6586,2590
6587,2591
6588,605
6588,2951
6589,190
6590,99
6591,2592
6592,1463
6593,1531
6594,716
6595,443
6596,2531
6597,2593
6598,655
6599,2594
6600,2595
6601,4
6602,630
6603,235
6604,1272
6605,2624
6606,2596
6607,793
6608,2825
6609,643
6610,2597
6611,-1
6612,3237
6612,832
6613,2598
6614,941
6615,895
6616,2520
6617,61
6618,803
6619,1408
6620,108
6621,249
6621,397
6622,140
6623,618
6624,2599
6625,1197
6626,239
6627,133
6628,2852
6629,2600
6630,2601
6631,102
6632,854
6633,3726
6634,2602
6635,2603
6636,2604
6637,672
6638,2530
6639,1619
6640,2605
6641,835
6642,2588
6643,2606
6644,54
6645,2286
6646,2607
6647,-1
6648,2187
6649,1798
6650,2608
6651,2609
6652,2140
6653,678
6654,772
6655,585
6656,363
6657,725
6658,479
6659,1219
6660,2610
6661,2500
6662,2520
6662,1637
6663,1028
6664,2909
6665,2611
6666,2846
6667,2520
6668,464
6669,2612
6670,95
6671,2855
6671,1835
6672,165
6673,2613
6674,2614
6675,102
6676,53
6677,1475
6678,2090
6679,2615
6680,3728
6681,2616
6682,-1
6683,2531
6684,1684
6685,1148
6686,1463
6687,1253
6688,954
6689,466
6690,2619
6691,2149
6692,1595
6693,284
6694,651
6695,4
6696,62
6697,1221
6698,2621
6699,474
6700,54
6701,3729
6701,3730
6702,2622
6703,2623
6704,1337
6704,1156
6705,3322
6705,1368
6706,298
6707,2624
6708,23
6709,1637
6710,1156
6711,430
6712,2625
6713,2626
6714,1914
6715,465
6716,499
6717,2627
6718,788
6719,-1
6720,776
6721,1620
6722,1240
6723,-1
6724,429
6725,2628
6726,126
6727,2888
6728,2629
6729,2723
6730,2630
6731,996
6732,76
6733,1001
6734,207
6735,2631
6736,1595
6737,2204
6738,1969
6739,719
6740,2632
6741,2633
6742,2634
6743,2635
6744,991
6745,2636
6746,1592
6747,2637
6748,55
6749,1248
6750,2638
6751,2639
6752,479
6753,548
6754,2640
6755,3736
6756,640
6757,2641
6758,2440
6759,2642
6760,858
6761,147
6762,764
6763,367
6764,138
6765,3164
6765,3212
6766,2643
6767,2340
6768,-1
6769,1595
6770,720
6771,3492
6771,3010
6771,3738
6772,2644
6773,2266
6774,2645
6775,3739
6776,33
6777,768
6778,802
6779,2088
6780,2646
6781,2436
6782,3741
6783,140
6784,1807
6785,2102
6786,776
6786,3540
6787,658
6788,63
6789,64
6790,3333
6791,1542
6792,390
6793,2647
6794,17
6795,235
6796,-1
6797,272
6798,174
6799,-1
6800,928
6801,2610
6802,889
6803,2814
6803,3340
6804,65
6805,317
6806,803
6807,2649
6808,3745
6809,2650
6810,368
6811,2459
6812,1366
6813,696
6814,1570
6815,237
6816,2651
6817,2473
6818,2159
6819,333
6820,1824
6821,452
6822,2652
6823,3189
6824,1180
6825,2191
6826,1378
6827,-1
6828,3747
6828,1275
6829,2654
6830,2845
6830,33
6830,805
6831,1764
6832,2655
6833,4
6834,2656
6835,1148
6836,912
6837,138
6838,2426
6839,716
6840,951
6841,284
6842,1545
6843,-1
6844,251
6845,3185
6845,3749
6846,806
6847,855
6848,370
6849,2659
6850,2971
6851,59
6851,3308
6852,2660
6853,1271
6854,198
6855,1084
6856,3075
6857,2096
6858,2552
6859,357
6860,1950
6861,390
6862,128
6863,1466
6864,1091
6864,905
6865,2662
6866,2663
6867,29
6868,582
6869,4
6869,2852
6869,2815
6870,499
6870,1120
6871,744
6872,3230
6873,89
6874,1093
6875,772
6876,2512
6877,1159
6878,178
6879,587
6880,1881
6881,733
6882,1930
6883,3240
6883,2328
6884,2664
6885,1498
6886,144
6887,2665
6888,755
6889,-1
6890,2846
6890,719
6891,1174
6892,2469
6893,-1
6894,2667
6895,834
6896,71
6897,-1
6898,376
6899,2315
6900,464
6901,616
6902,1379
6903,384
6904,262
6905,3672
6905,3069
6906,2668
6907,2669
6908,274
6909,1157
6910,2291
6911,58
6912,640
6913,-1
6914,1379
6915,144
6916,115
6916,2846
6917,2671
6918,2672
6919,790
6920,2673
6921,73
6922,721
6923,1144
6924,1524
6924,2893
6925,2825
6925,397
6926,1922
6927,1536
6928,269
6929,368
6929,3750
6930,-1
6931,266
6932,2675
6933,2676
6934,1537
6934,3751
6935,2677
6936,1000
6937,2678
6938,480
6939,2679
6940,104
6940,2825
6941,1156
6942,3752
6943,1939
6944,2680
6945,2681
6946,61
6946,2358
6947,3754
6948,3756
6948,3757
6949,677
6950,2682
6951,827
6952,2683
6953,705
6954,2684
6955,2685
6956,925
6957,749
6958,1655
6959,3057
6959,852
6960,2686
6961,646
6961,92
6961,1397
6962,2223
6962,849
6963,3759
6964,2907
6964,2470
6965,3
6966,97
6967,2687
6968,2688
6969,308
6970,695
6971,2854
6972,2689
6973,1062
6974,10
6975,1798
6976,63
6977,209
6978,-1
6979,54
6980,644
6981,3763
6982,3765
6982,3766
6983,2690
6984,849
6984,2919
6985,531
6986,454
6987,29
6988,357
6989,1652
6990,-1
6991,499
6992,137
6992,552
6993,2691
6994,1001
6995,52
6996,648
6997,2692
6998,737
6998,292
6999,205
7000,2166
7001,1654
7002,2693
7003,465
7004,452
7005,2694
7006,2552
7007,752
7007,719
7008,89
7009,-1
7010,2457
7011,389
7012,1078
7013,2695
7014,2696
7015,3768
7015,3769
7016,1738
7017,2697
7018,1193
7019,2698
7020,167
7021,2699
7022,3336
7023,401
7024,2700
7025,2701
7026,-1
7027,875
7028,124
7029,42
7030,2703
7031,1698
7032,1044
7033,2704
7034,194
7035,1533
7036,985
7037,460
7038,1269
7039,862
7040,1254
7041,2154
7042,116
7043,2705
7044,2706
7045,2520
7045,1637
7046,2421
7047,552
7048,469
7049,1310
7050,1478
7051,805
7052,2852
7052,805
7053,1156
7054,435
7055,957
7056,137
7057,2252
7058,608
7059,2707
7060,790
7061,95
7062,2708
7063,2271
7064,52
7065,1759
7066,2709
7067,137
7068,728
7069,954
7070,2710
7071,115
7072,-1
7073,1916
7074,33
7075,2520
7076,559
7077,-1
7078,1977
7079,1291
7080,3772
7081,1379
7082,100
7083,1481
7084,2712
7085,1587
7086,1261
7087,1969
7088,256
7089,-1
7090,5
7091,137
7092,809
7093,761
7094,678
7095,863
7096,390
7097,82
7098,2714
7099,104
7100,483
7101,1510
7102,-1
7103,256
7104,2444
7105,1626
7106,1771
7107,2716
7108,2236
7109,3240
7109,625
7110,2717
7111,1000
7112,2718
7113,1000
7114,199
7115,1850
7116,2719
7117,2699
7117,625
7118,717
7119,3775
7119,3333
7119,3010
7120,-1
7121,217
7122,3274
7123,1157
7124,2720
7125,1751
7126,370
7127,798
7128,1228
7129,236
7130,2721
7131,83
7132,2722
7133,2723
7134,190
7135,430
7136,787
7137,982
7138,370
7139,1999
7140,2724
7141,2725
7141,
7141,
7142,59
7143,1093
7144,591
7145,2648
7146,1909
7147,1515
7148,1801
7149,443
7150,300
7151,2726
7152,2017
7153,62
7154,1210
7155,3145
7155,3146
7156,729
7157,2727
7158,144
7159,909
7160,3439
7160,75
7161,2728
7162,209
7163,2729
7164,555
7165,3776
7166,340
7167,3778
7168,313
7169,-1
7170,532
7171,357
7172,309
7173,2731
7174,2732
7175,1145
7176,864
7177,2740
7178,2733
7179,878
7180,2903
7181,23
7182,1
7183,466
7184,2735
7185,3780
7185,3781
7186,2115
7187,275
7188,2903
7189,2697
7190,51
7191,668
7192,138
7193,2736
7194,846
7195,2737
7196,458
7197,1170
7198,2271
7199,-1
7200,1127
7201,709
7202,2739
7203,2740
7204,2741
7205,2742
7206,2209
7207,2855
7207,625
7208,454
7209,572
7209,92
7210,172
7211,552
7212,30
7213,2167
7214,1000
7215,802
7216,1148
7217,3785
7218,2743
7219,581
7219,2928
7220,2735
7221,2744
7222,2614
7223,965
7224,1999
7225,1206
7225,2761
7226,3786
7227,53
7228,100
7229,803
7230,484
7231,2745
7232,1194
7233,501
7234,2746
7235,833
7236,1708
7237,3187
7238,2747
7239,683
7240,2113
7241,2748
7242,1522
7243,546
7244,823
7245,23
7246,1882
7247,801
7248,449
7249,1711
7250,2749
7251,2208
7252,2750
7253,2030
7254,3023
7255,2751
7256,3788
7256,2993
7257,168
7258,2752
7259,1568
7260,333
7261,2753
7262,2433
7262,2109
7263,1084
7264,1062
7265,2754
7266,496
7267,2755
7268,1874
7269,299
7270,113
7271,2756
7272,42
7273,2757
7274,413
7275,3789
7276,68
7277,2758
7278,1027
7279,178
7280,2262
7281,2516
7282,91
7283,2759
7284,279
7285,33
7286,2760
7287,2761
7288,719
7289,1982
7290,139
7291,2762
7292,2763
7293,328
7294,160
7295,1046
7296,8
7297,1368
7298,14
7299,2855
7300,2412
7301,-1
7302,576
7303,1862
7304,1555
7305,-1
7306,909
7307,2448
7308,592
7309,1883
7310,382
7311,2765
7312,151
7313,2766
7314,2767
7315,2657
7316,2768
7317,1282
7317,3795
7318,431
7319,1366
7320,711
7321,2769
7322,2770
7323,2771
7324,790
7324,2903
7325,3430
7325,3431
7326,1208
7327,2920
7328,598
7329,-1
7330,761
7331,49
7332,1058
7333,849
7334,1183
7335,2124
7336,-1
7337,1612
7338,3797
7339,254
7340,2773
7341,2774
7342,-1
7343,2775
7344,230
7345,2776
7346,176
7346,1156
7347,-1
7348,354
7349,493
7350,2569
7351,194
7352,298
7353,2902
7354,61
7355,2778
7356,2779
7357,1760
7358,3544
7359,604
7360,-1
7361,25
7362,2117
7363,1261
7364,3096
7365,-1
7366,2539
7367,2780
7368,2781
7369,1454
7370,147
7371,2782
7372,2214
7373,2783
7374,1046
7375,3799
7376,2784
7377,466
7378,104
7379,207
7380,243
7381,2191
7382,359
7383,318
7384,699
7385,1280
7386,2785
7387,163
7388,981
7389,1650
7390,597
7391,2786
7392,2787
7393,2788
7394,75
7395,2789
7396,3360
7397,1604
7398,2790
7399,504
7400,1562
7401,2569
7402,1954
7403,1824
7404,2791
7405,2492
7406,348
7407,1925
7408,3801
7408,1368
7409,1474
7410,2400
7411,3802
7411,1743
7412,2753
7412,3093
7413,1653
7414,1168
7415,2793
7416,376
7417,1407
7418,958
7419,289
7420,2794
7421,2795
7421,
7422,95
7423,2796
7424,3804
7424,1929
7425,2797
7426,-1
7427,2799
7428,2800
7429,965
7430,2801
7431,1134
7432,3805
7432,2606
7433,2802
7434,1255
7435,2053
7436,119
7437,1570
7438,1187
7439,2467
7440,661
7441,2814
7441,249
7442,2153
7443,518
7444,956
7445,719
7446,790
7447,525
7448,2803
7449,1483
7449,1354
7450,2443
7451,-1
7452,1170
7453,423
7454,1337
7454,3809
7455,624
7456,4
7457,1962
7458,594
7459,671
7460,2804
7461,2805
7462,581
7463,2053
7464,-1
7465,2807
7466,1982
7467,1027
7467,3811
7468,1916
7469,2808
